time,x1,x2,potential_energy
0.0,0.10665573599072822,0.12078510930520175,0.03572632885438973
0.01001001001001001,0.10654392794459383,0.1196688319909071,0.03545739495951547
0.02002002002002002,0.10641142448179478,0.11853054432604145,0.035180637480019816
0.03003003003003003,0.10625823804444011,0.1173703499577712,0.03489616490098042
0.04004004004004004,0.10608438469912056,0.1161883744185299,0.03460409342527079
0.050050050050050046,0.10588988222921608,0.11498474356247368,0.03430454178449152
0.06006006006006006,0.10567475005409734,0.11375957174770009,0.03399762866178778
0.07007007007007007,0.10543900901824621,0.11251298094841168,0.03368347674898951
0.08008008008008008,0.10518268351126057,0.11124509688273966,0.033362212284940095
0.09009009009009009,0.10490579854080082,0.10995604588770949,0.03303396374022261
0.10010010010010009,0.1046083822396809,0.10864595752738859,0.032698862837630106
0.11011011011011011,0.10429046373654942,0.10731496236899482,0.03235704359787608
0.12012012012012012,0.10395207545634176,0.10596319433097794,0.03200864325098475
0.13013013013013014,0.10359325087683663,0.10459078843561108,0.031653801257651756
0.14014014014014015,0.10321402616276208,0.10319788246971166,0.031292659934727254
0.15015015015015015,0.10281443957424337,0.10178461630416152,0.03092536413841605
0.16016016016016016,0.10239453029788807,0.1003511305635184,0.030552060706291365
0.17017017017017017,0.10195434078081787,0.09889756928247032,0.030172899413344896
0.18018018018018017,0.10149391592040827,0.09742407898364613,0.029788032557740752
0.19019019019019018,0.10101330248248738,0.09593080800995063,0.02939761465117405
0.20020020020020018,0.10051254768927499,0.09441790490256066,0.029001801763772452
0.21021021021021022,0.09999170162538179,0.0928855211646443,0.02860075249698609
0.22022022022022023,0.09945081650616656,0.09133381042093848,0.028194627607586075
0.23023023023023023,0.09888994655517215,0.08976292823457963,0.027783589886440727
0.24024024024024024,0.09830914791496079,0.08817303183810142,0.027367804028950463
0.2502502502502503,0.09770847878113083,0.08656428053775168,0.026947436677258886
0.2602602602602603,0.09708799936828216,0.08493683561081265,0.02652265633036637
0.2702702702702703,0.09644777190896486,0.08329086030097971,0.02609363327893497
0.2802802802802803,0.09578786041661323,0.08162651915076861,0.02566053937266987
0.2902902902902903,0.09510833107331734,0.07994397909350473,0.02522354823310944
0.3003003003003003,0.09440925198445928,0.07824340876236309,0.02478283501219192
0.3103103103103103,0.09369069322225408,0.07652497862305216,0.024338576359393183
0.3203203203203203,0.09295272661122722,0.07478886044044174,0.02389095022038761
0.3303303303303303,0.09219542605217036,0.07303522807924437,0.023440135975905704
0.34034034034034033,0.09141886744237128,0.07126425730448542,0.022986314321488545
0.35035035035035034,0.09062312862806136,0.06947612566179134,0.02252966716864086
0.36036036036036034,0.08980828939720838,0.06767101245763107,0.02207037757123074
0.37037037037037035,0.08897443147230925,0.06584909873955717,0.021608629651502946
0.38038038038038036,0.08812163850318278,0.06401056727644726,0.021144608525732106
0.39039039039039036,0.08724999605976234,0.06215560253874515,0.020678500229542256
0.40040040040040037,0.08635959156887763,0.06028439058150333,0.020210491616901402
0.41041041041041043,0.08545051402991728,0.058397118543705606,0.019740770158454636
0.42042042042042044,0.08452285448977309,0.056493975465211455,0.01926952409298009
0.43043043043043044,0.08357670589770645,0.05457515202764643,0.01879694228631151
0.44044044044044045,0.08261216305141501,0.0526408404535573,0.018323214134342458
0.45045045045045046,0.08162932258758544,0.05069123448276606,0.01784852948678258
0.46046046046046046,0.08062828297244613,0.048726529348724054,0.017373078570845475
0.47047047047047047,0.07960914449231991,0.046746921754866014,0.016897051914895912
0.4804804804804805,0.07857200924417684,0.04475260985096419,0.016420640272083918
0.4904904904904905,0.0775169811322659,0.04274379334228806,0.015944034564029545
0.5005005005005005,0.07644416587984551,0.040720673928618736,0.015467425871979537
0.5105105105105106,0.0753536709786117,0.03868345438217384,0.014991005222523852
0.5205205205205206,0.07424560569312585,0.03663233882708404,0.014514963558361696
0.5305305305305306,0.073120081054373,0.03456753278140599,0.014039491671573728
0.5405405405405406,0.071977209850503,0.03248924313759559,0.013564780127568433
0.5505505505505506,0.0708171066175719,0.030397678142981333,0.01309101918913974
0.5605605605605606,0.06963988763028318,0.028293047380237527,0.012618398740661488
0.5705705705705706,0.06844567089272906,0.02617556174785764,0.012147108212444514
0.5805805805805806,0.0672345760783778,0.02404543341768384,0.011677336493947883
0.5905905905905906,0.06600672439873918,0.02190287576019505,0.01120927183210225
0.6006006006006006,0.06476223886515496,0.019748103447509976,0.010743101817566965
0.6106106106106106,0.06350124417584828,0.017581332386985785,0.010279013286474598
0.6206206206206206,0.0622238666920147,0.015402779695068595,0.009817192242928546
0.6306306306306306,0.06093023442730933,0.013212663677199834,0.00935782378485775
0.6406406406406406,0.059620477037333974,0.011011203807722584,0.008901092030232892
0.6506506506506506,0.05829472580912429,0.008798620709787932,0.008447180043669067
0.6606606606606606,0.05695311365063689,0.006575136135261309,0.00799626976343961
0.6706706706706707,0.055595775000283155,0.004340972883729191,0.007548541910130926
0.6806806806806807,0.05422284568986745,0.0020963546860145437,0.007104175886426575
0.6906906906906907,0.05283446327045771,-0.00015849355969720438,0.006663349785718957
0.7007007007007007,0.05143076685911586,-0.0024233459166880782,0.0062262402868171075
0.7107107107107107,0.05001189711534888,-0.00469797543973062,0.005793022580716104
0.7207207207207207,0.0485779962289878,-0.0069821541964064995,0.005363870300681105
0.7307307307307307,0.04712920790806654,-0.009275653288425145,0.004938955452948556
0.7407407407407407,0.045665677366700866,-0.011578242872942377,0.004518448348068078
0.7507507507507507,0.04418755131296728,-0.013889692183879034,0.004102517532908339
0.7607607607607607,0.04269497778252291,-0.01620976966715383,0.0036913296917930605
0.7707707707707707,0.041188106347471616,-0.01853824283881161,0.003285049626886692
0.7807807807807807,0.039667087864584345,-0.020874878483320418,0.0028838401438014173
0.7907907907907907,0.03813207474945959,-0.02321944246348244,0.002487862045104387
0.8008008008008007,0.036583220824323005,-0.025571699845195674,0.0020972740373397135
0.8108108108108109,0.03502068130537077,-0.02793141491916809,0.0017122326678598036
0.8208208208208209,0.033444612789949646,-0.03029835122275223,0.001332892262463199
0.8308308308308309,0.03185517324357356,-0.03267227156190074,0.0009594048638636182
0.8408408408408409,0.03025252198677702,-0.035052938033242234,0.0005919201710148519
0.8508508508508509,0.028636819560497975,-0.037440112120957963,0.00023058545903921262
0.8608608608608609,0.02700822767701552,-0.039833554741008616,-0.0001244544836200912
0.8708708708708709,0.02536690951236095,-0.04223302607516055,-0.00047305736144321047
0.8808808808808809,0.023713029527416416,-0.04463828569518524,-0.0008150834571903315
0.8908908908908909,0.022046753448676855,-0.04704909258878569,-0.0011503956884834471
0.9009009009009009,0.020368248252427053,-0.049465205183440254,-0.001478859662745149
0.9109109109109109,0.018677682148696525,-0.051886381370403536,-0.001800343731089353
0.9209209209209209,0.01697522456499221,-0.05431237852886398,-0.002114719041139917
0.9309309309309309,0.015261046129808959,-0.056742953550258365,-0.0024218595887534737
0.9409409409409409,0.013535318655917825,-0.059177862862743166,-0.002721642268623097
0.950950950950951,0.011798215123432172,-0.06161686245582278,-0.0030139469237397782
0.960960960960961,0.010049909662651554,-0.06405970790513452,-0.003298656393688991
0.970970970970971,0.008290577535240585,-0.06650615439793753,-0.0035756565619346247
0.980980980980981,0.006520394955138984,-0.06895595681942326,-0.003844836420801845
0.990990990990991,0.004739539221961273,-0.07140886972065108,-0.004106088096460268
1.001001001001001,0.0029481887880822254,-0.07386464731169237,-0.004359306882555577
1.011011011011011,0.0011465231511948552,-0.07632304352100128,-0.004604391293158202
1.021021021021021,-0.000665277165480269,-0.07878381202163418,-0.004841243103527897
1.031031031031031,-0.00248703063325394,-0.08124670625764345,-0.005069767389546467
1.0410410410410411,-0.004318554738295935,-0.08371147947064571,-0.005289872565798167
1.0510510510510511,-0.0061596660022310915,-0.08617788472656454,-0.00550147042227752
1.0610610610610611,-0.008010180003003953,-0.08864567494254744,-0.005704476159704986
1.0710710710710711,-0.009869911396011944,-0.09111460291405749,-0.005898808423431194
1.0810810810810811,-0.011738673935507052,-0.09358442134213908,-0.006084389335911029
1.0910910910910911,-0.01361628049626607,-0.09605488286085842,-0.006261144527729336
1.1011011011011012,-0.015502543052275383,-0.09852574002683909,-0.006429003163449481
1.1111111111111112,-0.01739727225755318,-0.10099674495847388,-0.006587897934497483
1.1211211211211212,-0.019300278141909863,-0.10346764995662061,-0.006737765147902619
1.1311311311311312,-0.021211370019960034,-0.10593820743261484,-0.006878544739177793
1.1411411411411412,-0.023130356399349076,-0.10840816983552906,-0.007010180286362903
1.1511511511511512,-0.025057045000780143,-0.11087728967779449,-0.007132619032625126
1.1611611611611612,-0.02699124277819495,-0.11334531956089622,-0.007245811907372546
1.1711711711711712,-0.02893275593910822,-0.11581201220114168,-0.007349713545870295
1.1811811811811812,-0.030881389965095877,-0.1182771204555025,-0.0074442823073489536
1.1911911911911912,-0.03283694963243697,-0.12074039734752963,-0.007529480291595392
1.2012012012012012,-0.034799239032909275,-0.1232015960933419,-0.007605273354016862
1.2112112112112112,-0.0367680615947387,-0.12566047012768783,-0.007671631119169641
1.2212212212212212,-0.038743220103702285,-0.12811677313008085,-0.00772852699274405
1.2312312312312312,-0.04072451666465017,-0.13057025899291705,-0.00777593817023332
1.2412412412412412,-0.04271175258003561,-0.1330206817088092,-0.007813845643517229
1.2512512512512513,-0.04470472870950418,-0.13546779572566334,-0.007842234219636545
1.2612612612612613,-0.046703245356873126,-0.137911355842077,-0.007861092521362873
1.2712712712712713,-0.048707102272602255,-0.1403511172149745,-0.007870412991115051
1.2812812812812813,-0.05071609867430843,-0.14278683538471282,-0.007870191893940493
1.2912912912912913,-0.05273003326738093,-0.1452182663002095,-0.007860429318950216
1.3013013013013013,-0.05474870426569785,-0.14764516634409253,-0.007841129179205241
1.3113113113113113,-0.056771909412443214,-0.15006729235787228,-0.0078122992100526645
1.3213213213213213,-0.058799446001025206,-0.1524844016671353,-0.007773950965910187
1.3313313313313313,-0.06083111089609511,-0.15489625210676025,-0.007726099815498513
1.3413413413413413,-0.06286670055466731,-0.15730260204615557,-0.007668764935521592
1.3513513513513513,-0.0649060110473401,-0.1597032104145195,-0.007601969302795102
1.3613613613613613,-0.06694883800980131,-0.1620978366387798,-0.007525739687940533
1.3713713713713713,-0.06899497666610133,-0.1644862406712126,-0.0074401066460794245
1.3813813813813813,-0.07104422199068895,-0.16686818319055263,-0.0073451044983351005
1.3913913913913913,-0.07309636864830933,-0.16924342552509883,-0.00724077132082121
1.4014014014014013,-0.07515121101405106,-0.1716117296759846,-0.007127148929372749
1.4114114114114114,-0.07720854319430663,-0.17397285834148632,-0.007004282862732306
1.4214214214214214,-0.07926815904780372,-0.17632657494131615,-0.0068722223642302405
1.4314314314314314,-0.08132985220670753,-0.17867264364089966,-0.006731020361964317
1.4414414414414414,-0.08339341609779395,-0.1810108293756375,-0.006580733447485172
1.4514514514514514,-0.08545864396369361,-0.18334089787515193,-0.006421421852994436
1.4614614614614614,-0.08752532888420697,-0.18566261568751752,-0.006253149427062735
1.4714714714714714,-0.08959326379769018,-0.18797575020347648,-0.0060759836088755265
1.4814814814814814,-0.09166224152107043,-0.19028006967876204,-0.005889995401172455
1.4914914914914914,-0.09373205469310354,-0.19257534315640545,-0.005695259350551762
1.5015015015015014,-0.09580249587962435,-0.19486134059978658,-0.005491853509385355
1.5115115115115114,-0.09787335762081953,-0.19713783295011236,-0.005279859400973568
1.5215215215215214,-0.09994443241613396,-0.19940459210261072,-0.005059361990578604
1.5315315315315314,-0.10201551274548143,-0.20166139092987073,-0.004830449651288402
1.5415415415415414,-0.10408639109050474,-0.20390800330513922,-0.004593214128497312
1.5515515515515514,-0.10615685995588553,-0.20614420412557427,-0.004347750503016019
1.5615615615615615,-0.10822671189070353,-0.20836976933545512,-0.004094157152823803
1.5715715715715715,-0.1102957395098455,-0.21058447594934906,-0.003832535713476623
1.5815815815815815,-0.11236373551546365,-0.21278810207523466,-0.003562991037185055
1.5915915915915915,-0.11443049271848361,-0.21498042693758185,-0.0032856311505765935
1.6016016016016015,-0.11649580406016202,-0.21716123090038877,-0.003000567211157261
1.6116116116116117,-0.11855946261986172,-0.2193302954742473,-0.0027079134646454013
1.6216216216216217,-0.12062126153083776,-0.2214874032173808,-0.00240778721618716
1.6316316316316317,-0.12268099417533208,-0.22363233795821144,-0.002100308757102577
1.6416416416416417,-0.12473845416693355,-0.2257648847728582,-0.0017856013217501174
1.6516516516516517,-0.12679343534823634,-0.22788482998015133,-0.0014637910415938316
1.6616616616616617,-0.12884573181189218,-0.22999196116348494,-0.0011350068945537098
1.6716716716716717,-0.13089513792168408,-0.23208606719259334,-0.0007993806531969225
1.6816816816816818,-0.1329414483336209,-0.23416693824525187,-0.0004570468317890847
1.6916916916916918,-0.13498445801705367,-0.23623436582890153,-0.00010814263222501397
1.7017017017017018,-0.13702396227581293,-0.2382881428021979,0.0002471921111409439
1.7117117117117118,-0.1390597567693675,-0.24032806339648422,0.0006088149877449198
1.7217217217217218,-0.14109163753400442,-0.24235392323718838,0.0009765810681226506
1.7317317317317318,-0.14311940100403034,-0.2443655193651443,0.0013503429622571117
1.7417417417417418,-0.14514284399152896,-0.2463626502118818,0.001729950870344596
1.7517517517517518,-0.14716176363919267,-0.2483451155449756,0.002115252627805611
1.7617617617617618,-0.14917595763867633,-0.25031271670757,0.0025060938068455357
1.7717717717717718,-0.15118522416492697,-0.25226525654302334,0.002902317761463269
1.7817817817817818,-0.1531893618888715,-0.2542025394062965,0.0033037656887478783
1.7917917917917918,-0.15518816999814933,-0.25612437118415743,0.003710276692696593
1.8018018018018018,-0.15718144821784763,-0.2580305593152898,0.0041216878488968545
1.8118118118118118,-0.15916899683123958,-0.2599209128103049,0.004537834270048183
1.8218218218218218,-0.16115061670052536,-0.2617952422716576,0.004958549172299487
1.8318318318318318,-0.163126109287576,-0.2636533599134659,0.005383663942376694
1.8418418418418419,-0.16509527667468019,-0.2654950795812334,0.005813008205475978
1.8518518518518519,-0.16705792158529356,-0.2673202167714768,0.00624640989389668
1.8618618618618619,-0.16901384740479125,-0.2691285886512557,0.006683695316388731
1.8718718718718719,-0.17096285820122303,-0.270920014077607,0.007124689228188132
1.8818818818818819,-0.17290475874391345,-0.27269431361457164,0.007569214901158118
1.8918918918918919,-0.17483935433015416,-0.27445130934461637,0.00801709414430269
1.901901901901902,-0.17676645100441168,-0.2761908251002841,0.008468147424665819
1.911911911911912,-0.17868585566800332,-0.2779126865784516,0.008922193963884092
1.921921921921922,-0.18059737599453063,-0.2796167212464824,0.009379051784270148
1.931931931931932,-0.18250082044961538,-0.2813027583599729,0.009838537781897201
1.941941941941942,-0.18439599831060588,-0.28297062898036784,0.0103004678001576
1.951951951951952,-0.18628271968625323,-0.2846201659924437,0.010764656703767
1.961961961961962,-0.18816079553635803,-0.2862512041216615,0.011230918453186169
1.971971971971972,-0.1900300376913871,-0.28786357995138784,0.011699066179432026
1.981981981981982,-0.19189025887206052,-0.2894571319399849,0.01216891225924957
1.991991991991992,-0.19374127270890865,-0.291031700437769,0.012640268390615744
2.002002002002002,-0.19558289376179971,-0.2925871277038379,0.013112945668546927
2.012012012012012,-0.19741493753943715,-0.29412325792276683,0.013586754661180742
2.022022022022022,-0.19923722051882747,-0.29563993722117343,0.014061505486103527
2.032032032032032,-0.20104956012307434,-0.2971370136434704,0.01453700787466633
2.042042042042042,-0.202851774591855,-0.29861433702268214,0.015013071203826653
2.052052052052052,-0.2046436833151048,-0.3000717593036497,0.015489504664304737
2.062062062062062,-0.20642510674075734,-0.3015091344500438,0.01596611730579371
2.0720720720720722,-0.20819586636922943,-0.3029263184360145,0.016442718106691456
2.0820820820820822,-0.20995578477179908,-0.3043231692610777,0.016919116050836597
2.0920920920920922,-0.2117046856089253,-0.3056995469648439,0.01739512020426543
2.1021021021021022,-0.21344239364850986,-0.3070553136415867,0.017870539791959662
2.1121121121121122,-0.21516873478410087,-0.3083903334546535,0.01834518427455613
2.1221221221221223,-0.21688353605303817,-0.3097044726507165,0.01881886342498848
2.1321321321321323,-0.21858662565454096,-0.31099759957386514,0.019291387405031682
2.1421421421421423,-0.22027783296773668,-0.3122695846795396,0.019762566841719495
2.1521521521521523,-0.22195698856963259,-0.3135203005483048,0.020232212903605953
2.1621621621621623,-0.22362392425302843,-0.3147496218994666,0.020700137376841198
2.1721721721721723,-0.22527847304437168,-0.3159574256045275,0.021166152741032188
2.1821821821821823,-0.22692046908109756,-0.3171435905712627,0.021630072198972998
2.1921921921921923,-0.22854974771151362,-0.3183079978324339,0.022091709777149894
2.2022022022022023,-0.2301661456783685,-0.31945053071138857,0.02255088045513616
2.2122122122122123,-0.2317695010164752,-0.3205710747244797,0.023007400201621425
2.2222222222222223,-0.23335965306935905,-0.3216695175928845,0.023461086048320964
2.2322322322322323,-0.23493644250582416,-0.3227457492542426,0.02391175616348075
2.2422422422422423,-0.2364997113364331,-0.3237996618741091,0.024359229924947573
2.2522522522522523,-0.23804930292989962,-0.32483114985722167,0.024803327992775834
2.2622622622622623,-0.23958506202939428,-0.3258401098585828,0.025243872381343298
2.2722722722722724,-0.2411068347687635,-0.3268264407943562,0.025680686530947336
2.2822822822822824,-0.24261446868866135,-0.32779004385257776,0.026113595378854236
2.2922922922922924,-0.24410781275259463,-0.3287308225036813,0.02654242542977371
2.3023023023023024,-0.24558671736288099,-0.3296486825108386,0.02696700482573166
2.3123123123123124,-0.24705103437651998,-0.3305435319401143,0.027387163415313484
2.3223223223223224,-0.2485006170984103,-0.33141528115195595,0.02780273281462374
2.3323323323323324,-0.24993532013578693,-0.33226384267893155,0.02821354642010218
2.3423423423423424,-0.2513549996914769,-0.3330891314626753,0.028619439568815658
2.3523523523523524,-0.25275951351088866,-0.33389106480718217,0.029020249582360436
2.3623623623623624,-0.25414872086056634,-0.33466956235783435,0.029415815820083145
2.3723723723723724,-0.25552248254270443,-0.3354245461097594,0.029805979743616026
2.3823823823823824,-0.2568806609095486,-0.3361559404159815,0.030190584980586674
2.3923923923923924,-0.25822311987768426,-0.33686367199536565,0.03056947738747811
2.4024024024024024,-0.2595497249422119,-0.33754766994035545,0.030942505111613776
2.4124124124124124,-0.2608603431908093,-0.33820786572450373,0.03130951865224408
2.4224224224224224,-0.2621548433176811,-0.3388441932097966,0.031670370920710164
2.4324324324324325,-0.2634330956373948,-0.33945658865377076,0.03202491729966151
2.4424424424424425,-0.2646949720986049,-0.34004499071642397,0.03237301570130415
2.4524524524524525,-0.26594034629766233,-0.34060934046691843,0.03271452662465677
2.4624624624624625,-0.2671690934921129,-0.341149581390078,0.03304931321179231
2.4724724724724725,-0.26838109052515224,-0.34166565932750387,0.03337724127231833
2.4824824824824825,-0.2695762158308706,-0.342157522477775,0.03369817933404604
2.4924924924924925,-0.2707543496527831,-0.3426251215528376,0.03401199876693706
2.5025025025025025,-0.2719153739400108,-0.34306840969802727,0.03431857379503089
2.5125125125125125,-0.27305917235752375,-0.3434873424955607,0.03461778154631078
2.5225225225225225,-0.2741856302981715,-0.34388187796921366,0.034909502102080846
2.5325325325325325,-0.27529463489457734,-0.3442519765887748,0.03519361854517329
2.5425425425425425,-0.2763860750308944,-0.3445976012742745,0.03547001700696665
2.5525525525525525,-0.27745984135442503,-0.34491871739998947,0.035738586713196796
2.5625625625625625,-0.2785158262871026,-0.34521529279822244,0.03599922002854248
2.5725725725725725,-0.2795539240368365,-0.34548729776285764,0.03625181249996799
2.5825825825825826,-0.28057403060871944,-0.34573470505269155,0.03649626289880603
2.5925925925925926,-0.2815760438160976,-0.3459574898945388,0.03673247326156376
2.6026026026026026,-0.2825598632915039,-0.34615562998611404,0.03696034892943663
2.6126126126126126,-0.28352539052284725,-0.3463291055138151,0.037179798594899935
2.6226226226226226,-0.28447252857657496,-0.34647789898390235,0.03739073424347701
2.6326326326326326,-0.28540118255646973,-0.3466019954917314,0.03759307133692065
2.6426426426426426,-0.28631125940761076,-0.3467013826007762,0.0377867287795923
2.6526526526526526,-0.2872026679380567,-0.34677605035120024,0.03797162895503224
2.6626626626626626,-0.28807531882818505,-0.34682599126093167,0.038147697757132476
2.6726726726726726,-0.2889291246398894,-0.3468512003265112,0.03831486461991711
2.6826826826826826,-0.28976399982563295,-0.3468516750237118,0.03847306254591751
2.6926926926926926,-0.2905798607373576,-0.34682741530792915,0.038622228133131764
2.7027027027027026,-0.2913766256352465,-0.3467784236143423,0.03876230160055652
2.7127127127127126,-0.2921542146963387,-0.346704704857843,0.03889322681228102
2.7227227227227226,-0.2929125500229945,-0.34660626643273396,0.03901495130013345
2.7327327327327327,-0.2936515556512108,-0.34648311821219413,0.039127426284870245
2.7427427427427427,-0.2943711575587837,-0.3463352725475107,0.03923060669589894
2.7527527527527527,-0.2950712836733173,-0.3461627442670766,0.039324451189527
2.7627627627627627,-0.2957518638343337,-0.34596555065543455,0.03940892215192332
2.7727727727727727,-0.2964128297521442,-0.345743711430756,0.03948398569950373
2.7827827827827827,-0.2970541151922614,-0.345497248819374,0.03954961174604332
2.7927927927927927,-0.29767565589784417,-0.3452261875172226,0.03960577398943746
2.8028028028028027,-0.29827738959103467,-0.3449305546851143,0.03965244992069637
2.8128128128128127,-0.29885925597927926,-0.34461037994599636,0.03968962083297861
2.8228228228228227,-0.2994211967614499,-0.34426569538195156,0.039717271829098635
2.8328328328328327,-0.29996315563376225,-0.3438965355309411,0.03973539182750391
2.8428428428428427,-0.30048507829548854,-0.34350293738328896,0.03974397356671905
2.8528528528528527,-0.30098691245446335,-0.3430849403779062,0.03974301360825418
2.8628628628628627,-0.30146860783237944,-0.3426425863982548,0.039732512337975825
2.8728728728728727,-0.30193011616987175,-0.3421759197680483,0.03971247396593902
2.8828828828828827,-0.3023713912313874,-0.34168498724668955,0.03968290652467987
2.8928928928928928,-0.3027923888098385,-0.3411698380244437,0.039643821865968557
2.9029029029029028,-0.30319306673103696,-0.34063052371734465,0.0395952356560236
2.9129129129129128,-0.30357338485790786,-0.3400670983618352,0.03953716736918844
2.9229229229229228,-0.3039333050904484,-0.33947961841329105,0.0394696402802447
2.932932932932933,-0.3042727913513734,-0.3388681427587894,0.03939268145575757
2.942942942942943,-0.3045918096252271,-0.33823273267428894,0.03930632174159218
2.952952952952953,-0.30489032795010296,-0.3375734518301254,0.039210595750990826
2.962962962962963,-0.3051683164173284,-0.3368903662877889,0.03910554185074187
2.972972972972973,-0.30542574717416876,-0.33618354449307464,0.03899120214568885
2.982982982982983,-0.30566259442628807,-0.33545305726896374,0.03886762246172688
2.992992992992993,-0.3058788344399628,-0.33469897780823554,0.03873485232729412
3.003003003003003,-0.30607444554404767,-0.3339213816658085,0.03859294495336375
3.013013013013013,-0.30624940813169,-0.33312034675080904,0.03844195721194493
3.023023023023023,-0.30640370466179057,-0.33229595331836803,0.03828194961310054
3.033033033033033,-0.30653731966020853,-0.331448283961143,0.03811298628049052
3.043043043043043,-0.30665023972070804,-0.33057742360056525,0.03793513492545031
3.053053053053053,-0.30674245350564383,-0.32968345947781097,0.03774846681961426
3.063063063063063,-0.30681395174638404,-0.3287664811444953,0.03755305676609519
3.073073073073073,-0.3068647272434665,-0.32782658045308816,0.03734898306923061
3.083083083083083,-0.30689477487520955,-0.3268638515539885,0.03713632750628687
3.093093093093093,-0.3069040917427395,-0.3258783910010547,0.03691517535055665
3.103103103103103,-0.30689267696366795,-0.32487029757756947,0.03668561525690865
3.113113113113113,-0.3068605316849384,-0.3238396722964918,0.03644773923138811
3.123123123123123,-0.30680765912994873,-0.3227866184279131,0.03620164261267682
3.133133133133133,-0.30673406459799135,-0.3217112414885198,0.0359474240337936
3.143143143143143,-0.306639755463457,-0.3206136492308075,0.03568518538246554
3.153153153153153,-0.3065247411748021,-0.3194939516320472,0.03541503176018522
3.163163163163163,-0.306389033253278,-0.318352260883003,0.03513707143997085
3.173173173173173,-0.30623264529142014,-0.3171886913764007,0.034851415822845073
3.183183183183183,-0.3060555929512968,-0.3160033596951481,0.03455817939305103
3.193193193193193,-0.30585789396251495,-0.3147963846003053,0.034257479672022154
3.203203203203203,-0.30563956811998305,-0.3135678870188067,0.03394943717112545
3.2132132132132134,-0.3054006372814283,-0.3123179900309326,0.03363417534319603
3.2232232232232234,-0.305141125364668,-0.3110468188575315,0.03331182053288307
3.2332332332332334,-0.3048610583446324,-0.30975450084699235,0.0329825019258269
3.2432432432432434,-0.30456046425048783,-0.30844116546224964,0.03264635149681802
3.2532532532532534,-0.3042393732606744,-0.3071069443472796,0.032303503993390124
3.2632632632632634,-0.3038978176140148,-0.305751971244142,0.031954096849304135
3.2732732732732734,-0.30353583153570973,-0.30437638192206967,0.03159827010324425
3.2832832832832834,-0.3031534512976549,-0.3029803142156251,0.031236166366611265
3.2932932932932935,-0.30275071521467756,-0.30156390801076005,0.03086793076631672
3.3033033033033035,-0.3023276636405532,-0.3001273052306541,0.03049371088656412
3.3133133133133135,-0.30188433896380157,-0.29867064982133323,0.03011365670964096
3.3233233233233235,-0.30142078560326213,-0.2971940877370671,0.02972792055574469
3.3333333333333335,-0.30093705000344734,-0.29569776692554794,0.029336657021867003
3.3433433433433435,-0.3004331806296746,-0.294181837312849,0.028940022919760777
3.3533533533533535,-0.2999092279629753,-0.29264645078816554,0.028538177213014958
3.3633633633633635,-0.299365244494781,-0.2910917611883367,0.028131280953262047
3.3733733733733735,-0.29880128472138606,-0.2895179242821501,0.02771949721554419
3.3833833833833835,-0.2982174051381861,-0.2879250977544293,0.027302991032863808
3.3933933933933935,-0.2976136642336925,-0.2863134411899042,0.026881929329945223
3.4034034034034035,-0.2969901224833212,-0.2846831160568654,0.026456480856233748
3.4134134134134135,-0.29634684237878883,-0.28303428572638867,0.026026816131745123
3.4234234234234235,-0.2956838884303938,-0.28136711546448956,0.025593107381574144
3.4334334334334335,-0.2950013270680152,-0.27968177232314095,0.025155528431736046
3.4434434434434436,-0.29429922668489744,-0.27797842517390114,0.024714254658865537
3.4534534534534536,-0.2935776576318896,-0.2762572446920753,0.024269462920345583
3.4634634634634636,-0.2928366922103172,-0.2745184033395252,0.023821331483396907
3.4734734734734736,-0.29207640466464757,-0.2727620753472887,0.023370039953599847
3.4834834834834836,-0.291296871174949,-0.27098843669800937,0.022915769202877093
3.4934934934934936,-0.29049816984914345,-0.2691976651081774,0.022458701296966026
3.5035035035035036,-0.28968038071505287,-0.2673899400101829,0.02199901942241001
3.5135135135135136,-0.2888435857122393,-0.2655654425341825,0.02153690781309777
3.5235235235235236,-0.28798786868363857,-0.26372435548978046,0.021072551676380474
3.5335335335335336,-0.2871133153669877,-0.26186686334752457,0.02060613711879597
3.5435435435435436,-0.2862200133860457,-0.25999315222021874,0.02013785107143056
3.5535535535535536,-0.2853080522416085,-0.25810340984405283,0.019667881214947613
3.5635635635635636,-0.2843775233023168,-0.25619782555955056,0.01919641590431407
3.5735735735735736,-0.28342851980601186,-0.25427659030422345,0.01872364409706085
3.5835835835835836,-0.2824611368773644,-0.2523398966232619,0.018249755286883197
3.5935935935935936,-0.2814754714528457,-0.25038793857785274,0.01777493940436431
3.6036036036036037,-0.28047162229680417,-0.24842091175425368,0.017299386750202143
3.6136136136136137,-0.2794496899952583,-0.2464390132482871,0.016823287920263157
3.6236236236236237,-0.2784097769457164,-0.24444244164549445,0.01634683372916617
3.6336336336336337,-0.2773519873468026,-0.24243139700112962,0.015870215133776913
3.6436436436436437,-0.27627642718768985,-0.24040608081999315,0.015393623156643672
3.6536536536536537,-0.27518320423733916,-0.23836669603610772,0.014917248809404954
3.6636636636636637,-0.27407242803354603,-0.23631344699223666,0.014441283016199687
3.6736736736736737,-0.2729442098717943,-0.23424653941924706,0.013965916537111343
3.6836836836836837,-0.2717986627939177,-0.23216618041531817,0.013491339891676335
3.6936936936936937,-0.27063590157656897,-0.23007257842499684,0.013017743282487747
3.7037037037037037,-0.26945604271949763,-0.22796594321810112,0.012545316518925237
3.7137137137137137,-0.26825920443363593,-0.22584648586847342,0.012074248941041983
3.7237237237237237,-0.2670455066289934,-0.22371441873258444,0.011604729343639153
3.7337337337337337,-0.2658150709078841,-0.2215699554332461,0.011136945902114032
3.7437437437437437,-0.2645680206011086,-0.21941331088424426,0.010671086110452033
3.7537537537537538,-0.2633044806756839,-0.21724470119274655,0.010207336683265622
3.7637637637637638,-0.2620245777386744,-0.21506434365321603,0.009745883485870563
3.7737737737737738,-0.26072844003649825,-0.21287245673705651,0.009286911463212456
3.7837837837837838,-0.2594161974420009,-0.21066926007065356,0.008830604565726485
3.793793793793794,-0.2580879814413554,-0.2084549744132909,0.008377145675594957
3.803803803803804,-0.25674392512079086,-0.20622982163494388,0.007926716533432028
3.813813813813814,-0.25538416315314816,-0.20399402469395173,0.00747949766542521
3.823823823823824,-0.2540088317842658,-0.20174780761456984,0.007035668310962896
3.833833833833834,-0.2526180688191942,-0.1994913954644045,0.006595406350777412
3.843843843843844,-0.25121201360824114,-0.197225014331731,0.006158888235632098
3.853853853853854,-0.24979080703284737,-0.194948891302697,0.005726288915581537
3.863863863863864,-0.24835459149129416,-0.19266325443841306,0.005297781769833414
3.873873873873874,-0.2469035108842428,-0.1903683327519317,0.004873538537240346
3.883883883883884,-0.24543771060010716,-0.18806435618511677,0.004453729247449807
3.893893893893894,-0.2439573375010328,-0.1857515555860867,0.004038522152909986
3.903903903903904,-0.24246253994513875,-0.1834301627186757,0.003628083669442471
3.913913913913914,-0.2409534677287886,-0.18110041020141388,0.0032225782998041297
3.923923923923924,-0.23943027206120737,-0.17876253147507312,0.002822168565712088
3.933933933933934,-0.23789310556655546,-0.17641676079446955,0.0024270149465541874
3.943943943943944,-0.2363421222685589,-0.1740633332049273,0.002037275815059379
3.953953953953954,-0.23477747757498998,-0.17170248451865552,0.0016531073738124819
3.963963963963964,-0.23319932826199855,-0.16933445129104008,0.001274663592638628
3.973973973973974,-0.23160783245829517,-0.1669594707968522,0.0009020961468825944
3.983983983983984,-0.23000314962918736,-0.16457778100637574,0.0005355543566081464
3.993993993993994,-0.2283854405604693,-0.162189620561455,0.00017518512674177117
4.004004004004004,-0.22675486734216632,-0.15979522875146523,-0.0001788671118148899
4.014014014014014,-0.22511159335213538,-0.1573948454892078,-0.0005264604600799458
4.024024024024024,-0.2234557832395214,-0.15498871128673083,-0.0008674556078704307
4.034034034034034,-0.22178760290807176,-0.15257706723107908,-0.001201715889642213
4.044044044044044,-0.22010721949930906,-0.15016015495997354,-0.0015291073392681223
4.054054054054054,-0.21841480137556313,-0.147738216637423,-0.0018494987437322058
4.064064064064064,-0.21671051813174025,-0.14531149495284296,-0.002162761691279609
4.074074074074074,-0.2149945405674649,-0.14288023308787423,-0.0024687706250036204
4.084084084084084,-0.21326704062409213,-0.14044467465457436,-0.002767402900172952
4.094094094094094,-0.21152819139719703,-0.13800506369527543,-0.0030585388285941234
4.104104104104104,-0.20977816711924893,-0.13556164465815473,-0.003342061726572698
4.114114114114114,-0.2080171431420672,-0.13311466237268127,-0.003617857961684748
4.124124124124124,-0.2062452959191551,-0.13066436202501727,-0.003885816998324916
4.134134134134134,-0.20446280298791233,-0.12821098913337672,-0.004145831442012558
4.1441441441441444,-0.20266984295172816,-0.1257547895233436,-0.004397797082437874
4.1541541541541545,-0.20086659546195582,-0.12329600930315138,-0.004641612935230816
4.1641641641641645,-0.19905324119976964,-0.1208348948389263,-0.004877181282435569
4.1741741741741745,-0.19722996185790595,-0.11837169272989614,-0.005104407711674218
4.1841841841841845,-0.19539694012228898,-0.11590664978356713,-0.005323201153983676
4.1941941941941945,-0.1935543596535432,-0.11344001299087048,-0.00553347392031036
4.2042042042042045,-0.19170240506839287,-0.11097202950128132,-0.005735141736647704
4.2142142142142145,-0.1898412619209503,-0.10850294659791164,-0.005928123777802139
4.2242242242242245,-0.18797111668389394,-0.10603301167257954,-0.006112342699773621
4.2342342342342345,-0.1860921567653066,-0.10356247222528862,-0.006287724667570962
4.2442442442442445,-0.18420457046674613,-0.10109157582362091,-0.006454199387366036
4.2542542542542545,-0.18230854692429654,-0.09862057005056096,-0.006611700138112731
4.2642642642642645,-0.1804042761192828,-0.09614970249995894,-0.006760163795447655
4.2742742742742745,-0.17849194885917466,-0.09367922075168983,-0.006899530856991427
4.2842842842842845,-0.17657175675840028,-0.09120937234681079,-0.007029745466197685
4.2942942942942945,-0.17464389221907117,-0.08874040476271813,-0.007150755434740138
4.3043043043043046,-0.1727085484116196,-0.08627256538830698,-0.007262512263428431
4.314314314314315,-0.1707659192553504,-0.08380610149913531,-0.007364971161644463
4.324324324324325,-0.16881619939890816,-0.08134126023259512,-0.007458091065290991
4.334334334334335,-0.16685958420066183,-0.0788782885630928,-0.007541834653245316
4.344344344344345,-0.16489626970900753,-0.07641743327724106,-0.0076161683623111875
4.354354354354355,-0.16292645264259184,-0.07395894094906483,-0.007681062400662679
4.364364364364365,-0.16095033037045625,-0.07150305791522328,-0.007736490759774561
4.374374374374375,-0.15896810089210497,-0.06905003025025037,-0.007782431224834059
4.384384384384385,-0.15697996281749702,-0.0666001037418163,-0.007818865383629614
4.394394394394395,-0.15498611534705414,-0.06415352386605708,-0.00784577863390956
4.404404404404405,-0.15298675828230981,-0.06171053577839211,-0.007863160188177143
4.414414414414415,-0.15098209197921586,-0.05927138427553695,-0.0078710030792959
4.424424424424425,-0.14897231730501642,-0.0568363137593773,-0.007869304163948938
4.434434434434435,-0.14695763563866313,-0.05440556822282952,-0.007858064123071752
4.444444444444445,-0.14493824885058648,-0.05197939122537699,-0.007837287461578683
4.454454454454455,-0.1429143592824127,-0.0495580258686483,-0.007806982506556023
4.464464464464465,-0.14088616972662615,-0.04714171477203988,-0.007767161403922565
4.474474474474475,-0.13885388340618074,-0.044730700048385495,-0.007717840113558692
4.484484484484485,-0.13681770395406037,-0.042325223279674876,-0.0076590384029059065
4.494494494494495,-0.13477783539279148,-0.03992552549282409,-0.007590779839039287
4.504504504504505,-0.13273448211390845,-0.03753184713549991,-0.00751309177921583
4.514514514514515,-0.13068784885737403,-0.03514442805200073,-0.00742600535990243
4.524524524524525,-0.1286381406909564,-0.03276350745919637,-0.0073295554842877225
4.534534534534535,-0.12658556298956442,-0.030389323922529205,-0.007223780808282671
4.544544544544545,-0.124530321414543,-0.02802211533207903,-0.00710872372501534
4.554554554554555,-0.12247262189293,-0.02566211887869415,-0.006984430347826002
4.564564564564565,-0.12041267059696623,-0.023309571030269982,-0.006850950491769274
4.574574574574575,-0.11835067395050339,-0.02096470751545021,-0.006708337653721993
4.584584584584585,-0.11628683858005043,-0.018627763292299142,-0.0065566489911266426
4.594594594594595,-0.1142213712813373,-0.01629897252129458,-0.006395945298943679
4.604604604604605,-0.11215447901351225,-0.013978568545949175,-0.006226290985253064
4.614614614614615,-0.11008636887837031,-0.011666783869434587,-0.0060477540454401315
4.624624624624625,-0.1080172480995634,-0.00936385013129094,-0.005860406034943481
4.634634634634635,-0.10594732400179403,-0.007069998084224104,-0.005664322040575788
4.644644644644645,-0.10387680398999441,-0.004785457570993211,-0.0054595806504290165
4.654654654654655,-0.10180589552849294,-0.0025104575013909537,-0.005246263922376036
4.664664664664665,-0.09973480612016965,-0.00024522582931903007,-0.005024457351181271
4.674674674674675,-0.09766374328560293,0.002010010470038723,-0.0047942498342335126
4.684684684684685,-0.09559291454220907,0.004255025422943027,-0.004555733635914617
4.694694694694695,-0.09352252738337652,0.0064895940797233004,-0.004309004350618327
4.704704704704705,-0.09145278925759695,0.008713492537296693,-0.004054160864434044
4.714714714714715,-0.08938390754759476,0.01092649796157957,-0.0037913053155108345
4.724724724724725,-0.08731608954945702,0.01312838860978901,-0.0035205430531175834
4.734734734734735,-0.08524954245219593,0.015318943852733996,-0.003241982595410207
4.744744744744745,-0.08318447333584306,0.017497944201388185,-0.0029557355857272477
4.754754754754755,-0.08112108912825036,0.019665171323545023,-0.002661916748201576
4.764764764764765,-0.07905959657970688,0.02182040806457818,-0.0023606438417875164
4.774774774774775,-0.07700020225088669,0.023963438471241553,-0.0020520376129432964
4.784784784784785,-0.0749431124921309,0.026094047813285025,-0.001736221747239492
4.794794794794795,-0.07288853342274827,0.028212022604944074,-0.0014133228197899367
4.804804804804805,-0.07083667091033694,0.03031715062630103,-0.0010834702445249914
4.814814814814815,-0.06878773055012892,0.03240922094451536,-0.00074679622232758
4.824824824824825,-0.06674191764435963,0.034488023934920675,-0.00040343568805282365
4.834834834834835,-0.06469943718166414,0.036553351301985906,-5.352625645257394e-05
4.844844844844845,-0.0626604938165024,0.038604996100138324,0.00030279183297340743
4.854854854854855,-0.060625291848615315,0.04064275275444584,0.0006653757721774515
4.864864864864865,-0.05859403520251368,0.04266641708115626,0.0010340802417925553
4.874874874874875,-0.05656692740700194,0.04467578630809095,0.0014087574693665182
4.884884884884885,-0.05454417157473883,0.04667065909489056,0.001789257288578192
4.894894894894895,-0.0525259703818368,0.04865083555311031,0.0021754271994120404
4.904904904904905,-0.05051252604794333,0.05061611726675764,0.0025671124293345877
4.914914914914915,-0.048504040327171975,0.05256630732725634,0.002964155997050181
4.924924924924925,-0.0465007144731049,0.05450121033320701,0.00336639877315706
4.934934934934935,-0.0445027492179523,0.05642063240902517,0.003773679543802435
4.944944944944945,-0.042510344756780324,0.05832438123019137,0.004185835075953615
4.954954954954955,-0.040523700727449014,0.06021226604247836,0.004602700182811957
4.964964964964965,-0.03854301619060595,0.06208409768101517,0.005024107790008495
4.974974974974975,-0.036568489609738034,0.06393968858918535,0.005449889002554491
4.984984984984985,-0.03460031883128312,0.06577885283735724,0.005879873172519985
4.994994994994995,-0.03263870106480383,0.067601406141444,0.006313887967413062
5.005005005005005,-0.03068383286322538,0.06940716588129073,0.0067517594392322135
5.015015015015015,-0.02873591010313973,0.0711959511188867,0.007193312094164014
5.025025025025025,-0.026795127965177832,0.07296758261640013,0.007638368962897947
5.035035035035035,-0.02486168091445231,0.07472188285403313,0.008086751671530027
5.045045045045045,-0.02293576268107243,0.07645867604769468,0.008538280513026623
5.055055055055055,-0.021017566240733525,0.07817778816648907,0.008992774519219586
5.065065065065065,-0.01910728379538291,0.07987904695001753,0.009450051533303666
5.075075075075075,-0.017205106753986937,0.0815622819271713,0.009909928283110166
5.085085085085085,-0.015311225713729153,0.0832273244606982,0.01037222045956845
5.095095095095095,-0.013425830440383368,0.08487400772431386,0.010836742783493456
5.105105105105105,-0.011549109849345603,0.08650216672214114,0.011303309080248233
5.115115115115115,-0.009681251986837607,0.08811163831426316,0.011771732355970642
5.125125125125125,-0.007822444011077068,0.08970226123300981,0.01224182487250406
5.135135135135135,-0.005972872173538792,0.09127387609904868,0.012713398222623951
5.145145145145145,-0.004132721800308981,0.09282632543727795,0.013186263405529988
5.155155155155155,-0.002302177273534633,0.09435945369251944,0.01366023090257323
5.165165165165165,-0.0004814220129701532,0.09587310724500926,0.014135110753187722
5.175175175175175,0.001329361542376794,0.0973671344256842,0.014610712630995906
5.185185185185185,0.0031299919524980947,0.09884138553126139,0.015086845920057023
5.195195195195195,0.004920288794534615,0.10029571283910925,0.01556331979122773
5.205205205205205,0.006700072680820182,0.10172997062190754,0.016039943278603995
5.215215215215215,0.008469165276818059,0.10314401516209414,0.016516525356013403
5.225225225225225,0.010227389318947845,0.10453770476609661,0.0169928750135269
5.235235235235235,0.011974568632300741,0.10591089977834621,0.017468801333958985
5.245245245245245,0.013710528149001366,0.10726346259834235,0.017944113570089647
5.255255255255255,0.015435093934275671,0.10859525773114373,0.018418621229768662
5.265265265265265,0.017148093190454884,0.10990615174322704,0.01889213413890508
5.275275275275275,0.018849354276370727,0.11119601328484639,0.019364462519661646
5.285285285285285,0.020538706726934614,0.11246471311347903,0.01983541706889745
5.295295295295295,0.022215981270188423,0.11371212410669768,0.0203048090340158
5.305305305305305,0.02388100984423163,0.11493812127482049,0.020772450288588026
5.315315315315315,0.02553362561402265,0.11614258177333615,0.021238153407722456
5.325325325325325,0.027173662988052523,0.11732538491510278,0.02170173174314817
5.335335335335335,0.028800957634888845,0.11848641218231812,0.02216299949798312
5.345345345345345,0.030415346499587943,0.11962554723825948,0.02262177180115627
5.355355355355355,0.03201666781997331,0.12074267593879108,0.023077864781453655
5.365365365365365,0.033604761142778265,0.1218376863436373,0.02353109564115842
5.375375375375375,0.03517946733965085,0.12291046872741936,0.023981282729254767
5.385385385385385,0.03674062862301893,0.1239609155904539,0.0244282456141664
5.395395395395395,0.03828808856181351,0.12498892166931128,0.02487180515599973
5.405405405405405,0.039821692097048215,0.12599438394713167,0.02531178357826266
5.415415415415415,0.04134128555943306,0.12697720166916893,0.02574800454057989
5.425425425425425,0.04284671670222858,0.12793727639671337,0.02618029322187923
5.435435435435435,0.04433783468687475,0.1288745119426059,0.02660847636953082
5.445445445445445,0.045814490104707215,0.1297888143974636,0.027032382373343863
5.455455455455455,0.047276534996095035,0.13068009214956708,0.027451841337294385
5.465465465465465,0.04872382286522494,0.13154825589395816,0.027866685147590366
5.475475475475475,0.05015620869473318,0.13239321864129483,0.028276747540018465
5.485485485485485,0.05157354896018304,0.13321489572646272,0.028681864166544946
5.495495495495495,0.0529757016443861,0.13401320481694104,0.029081872661143916
5.505505505505505,0.054362526251565534,0.13478806592092102,0.02947661270482601
5.515515515515515,0.05573388382135927,0.1355394013951759,0.02986592608984121
5.525525525525525,0.057089636942661434,0.1362671359526802,0.030249656783029728
5.535535535535535,0.058429649767299904,0.1369711966699769,0.03062765098829509
5.545545545545545,0.05975378802354829,0.13765151299429088,0.030999757208174203
5.555555555555555,0.061061919029470384,0.13830801675038673,0.03136582630447914
5.565565565565565,0.06235391170609512,0.1389406421471698,0.031725711557986196
5.575575575575575,0.0636296365904203,0.13954932578402804,0.03207926872714771
5.585585585585585,0.06488896586090098,0.14013400668151807,0.03242635611379837
5.595595595595595,0.06613177335289767,0.14069462629261362,0.03276683462175975
5.605605605605605,0.06735793453900059,0.14123112844576,0.033100567792187584
5.615615615615615,0.06856732655922707,0.14174345938495475,0.03342742186936518
5.625625625625625,0.069759828233673,0.14223156777580612,0.03374726585452556
5.635635635635635,0.0709353200745947,0.14269540471057138,0.03405997155831609
5.645645645645645,0.07209368429831373,0.1431349237129388,0.034365413652132124
5.655655655655655,0.07323480483694228,0.1435500807425517,0.03466346971829847
5.665665665665665,0.07435856734992805,0.14394083419927375,0.03495402029907848
5.675675675675675,0.07546485923541629,0.1443071449271933,0.035236948944490545
5.685685685685685,0.0765535696414277,0.1446489762183663,0.03551214225891262
5.6956956956956954,0.07762458947685029,0.14496629381629608,0.035779489946455745
5.7057057057057055,0.07867781142224342,0.1452590659191482,0.03603888485508793
5.7157157157157155,0.07971312994045242,0.14552726318270007,0.0362902230194904
5.7257257257257255,0.08073044128703197,0.14577085872302287,0.03653340370262869
5.7357357357357355,0.0817296435204765,0.14598982811889522,0.03676832943602154
5.7457457457457455,0.0827106365140543,0.146184149417052,0.03699490605978413
5.7557557557557555,0.08367332199760755,0.14635380318924351,0.03721304277972068
5.7657657657657655,0.08461760352237689,0.1464987724564504,0.03742265217644123
5.7757757757757755,0.08554338647279276,0.14661904269426718,0.03762365024161446
5.7857857857857855,0.08645057808664919,0.14671460185283303,0.0378159564181238
5.7957957957957955,0.08733908746433205,0.14678544035793703,0.03799949363231478
5.8058058058058055,0.08820882557785165,0.14683155111186175,0.0381741883248409
5.8158158158158155,0.08905970527967837,0.14685292949396472,0.03833997048009559
5.8258258258258255,0.0898916413113798,0.14684957336099622,0.03849677365421779
5.8358358358358355,0.0907045503120578,0.1468214830471527,0.03864453500166004
5.8458458458458455,0.09149835082658393,0.14676866136386507,0.03878319530030767
5.8558558558558556,0.09227296331363187,0.14669111359932038,0.03891269897513901
5.865865865865866,0.09302831015350521,0.14658884751771628,0.03903299412041667
5.875875875875876,0.09376431565575913,0.14646187335824717,0.03914403252040066
5.885885885885886,0.09448090606661441,0.14631020383382115,0.03924576966857492
5.895895895895896,0.09517800957616236,0.1461338541295066,0.03933816478537888
5.905905905905906,0.09585555632535898,0.14593284190070757,0.039421180834437144
5.915915915915916,0.09651347842726674,0.1457071872930002,0.039494784545510656
5.925925925925926,0.09715170999197512,0.1454569129676006,0.03955894643817206
5.935935935935936,0.0977701870722221,0.1451820440065994,0.03961364079891789
5.945945945945946,0.09836884769791798,0.14488260795310218,0.03965884570745626
5.955955955955956,0.09894763188432944,0.1445586348114711,0.03969454304661657
5.965965965965966,0.09950648163800964,0.14421015704420406,0.03972071850956614
5.975975975975976,0.10004534096251883,0.1438372095685534,0.03973736160549452
5.985985985985986,0.10056415586393351,0.1434398297528829,0.03974446566376241
5.995995995995996,0.10106287435614338,0.14301805741276322,0.03974202783651369
6.006006006006006,0.10154144646593458,0.14257193480680458,0.039730049099748914
6.016016016016016,0.101999824237858,0.14210150663222637,0.03970853425285974
6.026026026026026,0.10243796173888155,0.1416068200201632,0.0396774919166242
6.036036036036036,0.10285581506282472,0.14108792453070634,0.039636934529663256
6.046046046046046,0.10325334233457475,0.1405448721476807,0.039586878343359944
6.056056056056056,0.10363050371408258,0.13997771727315586,0.03952734341524287
6.066066066066066,0.10398726140013773,0.13938651672169136,0.03945835360083637
6.076076076076076,0.10432357963463922,0.13877132971533032,0.03937993654436987
6.086086086086086,0.10463942474643055,0.13813221793452837,0.039292123689483864
6.096096096096096,0.10493476510906138,0.1374692454475488,0.03919495024186717
6.106106106106106,0.10520957113077745,0.13678247868543347,0.03908845514804768
6.116116116116116,0.10546381527712931,0.136071986463102,0.03897268109043467
6.126126126126126,0.10569747207364896,0.1353378399723492,0.03884767447017032
6.136136136136136,0.10591051810830898,0.13458011277458992,0.038713485388485784
6.146146146146146,0.10610293203376353,0.13379888079335212,0.03857016762656911
6.156156156156156,0.10627469456937001,0.13299422230651692,0.03841777862395276
6.166166166166166,0.10642578850299064,0.1321662179383061,0.038256379455429236
6.176176176176176,0.10655619869257268,0.13131495065101667,0.038086034806503924
6.186186186186186,0.10666591206750661,0.13044050573650226,0.037906812947394654
6.196196196196196,0.10675491762976107,0.12954297080740132,0.037718785705588384
6.206206206206206,0.10682320645479372,0.12862243578811175,0.037522028436965754
6.216216216216216,0.10687077169223705,0.12767899290551185,0.037316619995504896
6.226226226226226,0.10689760856635792,0.12671273667942742,0.037102642701576635
6.236236236236236,0.10690371437629033,0.1257237639128449,0.036880182308843636
6.246246246246246,0.10688908850811049,0.12471217369746565,0.03664932797577838
6.256256256256256,0.10685373247002124,0.12367806744916018,0.036410172247285086
6.266266266266266,0.10679764981132367,0.12262154879331295,0.03616281097731014
6.276276276276276,0.10672084615264121,0.12154272359395374,0.03590734330574548
6.286286286286286,0.10662332919055609,0.12044169994987315,0.03564387162128941
6.296296296296296,0.10650510869674608,0.11931858818367838,0.035372501520368416
6.306306306306306,0.10636619651690166,0.1181735008306117,0.0350933417647687
6.316316316316316,0.1062066065694227,0.11700655262713229,0.03480650423799451
6.326326326326326,0.10602635484389426,0.11581786049926146,0.03451210390037046
6.336336336336336,0.10582545939934057,0.1146075435506914,0.03421025874290576
6.346346346346346,0.1056039403622567,0.11337572305065793,0.033901089739938745
6.356356356356356,0.10536181992441727,0.11212252242157715,0.03358472080058064
6.366366366366366,0.10509912234046144,0.11084806722644644,0.03326127871897783
6.376376376376376,0.10481587392525363,0.10955248515600999,0.03293089312341259
6.386386386386386,0.1045121030510191,0.108235906015689,0.032593696424262755
6.396396396396396,0.10418784014425414,0.10689846171227685,0.032249823760840984
6.406406406406406,0.10384311768243581,0.1055402862404312,0.031899412947146884
6.416416416416417,0.1034779702303063,0.10416151571736458,0.03154260443452857
6.426426426426427,0.10309243440671872,0.10276228833308015,0.03117954124165724
6.436436436436437,0.1026865488434838,0.101342744290917,0.030810368880339768
6.446446446446447,0.10226035421120602,0.09990302582965775,0.03043523531074767
6.456456456456457,0.10181389321511963,0.09844327720917534,0.030054290882080663
6.466466466466467,0.101347210590709,0.09696364469586424,0.029667688272268986
6.476476476476477,0.10086035309911322,0.09546427654785675,0.02927558242673873
6.486486486486487,0.10035336952231441,0.0939453230000249,0.028878130496264524
6.496496496496497,0.0998263106581096,0.09240693624876876,0.02847549177393455
6.506506506506507,0.09927922931486563,0.0908492704365915,0.02806782763125302
6.516516516516517,0.09871218030605701,0.08927248163646209,0.027655301453405896
6.526526526526527,0.09812522044458613,0.08767672783596611,0.027238078573715574
6.536536536536537,0.09751840853688569,0.08606216892124531,0.02681632620731105
6.546546546546547,0.09689180537680298,0.08442896666072669,0.02639021338404015
6.556556556556557,0.09624547373926556,0.08277728468864139,0.025959910880650715
6.566566566566567,0.09557947837372822,0.08110728848833447,0.02552559115226822
6.576576576576577,0.0948938860054059,0.07941914538437278,0.02508742826637342
6.586586586586587,0.0941887653754381,0.07771302457849565,0.024645597851436975
6.596596596596597,0.09346418714768961,0.07598909703555101,0.02420027699205243
6.606606606606607,0.09272022392574415,0.0742475354934562,0.023751644167766123
6.616616616616617,0.09195695025527639,0.07248851445674893,0.02329987918540137
6.626626626626627,0.09117444261648897,0.07071221017900275,0.022845163106962624
6.636636636636637,0.09037277941634381,0.06891880064505479,0.022387678177033833
6.646646646646647,0.08955204098058764,0.06710846555304699,0.02192760774970013
6.656656656656657,0.08871230954557185,0.06528138629628148,0.021465136215022176
6.666666666666667,0.08785366924986654,0.06343774594489143,0.021000448925092566
6.676676676676677,0.08697620612566889,0.06157772922732814,0.020533732119704197
6.686686686686687,0.0860800080900059,0.059701522511665564,0.020065172851660346
6.696696696696697,0.08516516493573138,0.057809313786723195,0.019594958911756537
6.706706706706707,0.08423176832231728,0.055901292643008256,0.019123278753464448
6.716716716716717,0.08327991176643938,0.053977650253478365,0.018650321417348154
6.726726726726727,0.08230969063235734,0.05203857935412551,0.018176276455243282
6.736736736736737,0.08132120212208911,0.050084274224382476,0.01770133385422957
6.746746746746747,0.08031454530010551,0.04811493070381013,0.017225683972089137
6.756756756756757,0.07928982107758592,0.04613074616636938,0.016749517458586324
6.766766766766767,0.07824713213381347,0.04413191942873955,0.016273025156070917
6.776776776776777,0.07718658294739272,0.042118650773977695,0.015796398037194556
6.786786786786787,0.07610827978605247,0.040091141931741195,0.015319827128470898
6.796796796796797,0.0750123306958694,0.03804959605794668,0.0148435034336813
6.806806806806807,0.07389884549029925,0.03599421771427183,0.01436761785728787
6.816816816816817,0.07276793573901565,0.03392521284750183,0.013892361127884655
6.826826826826827,0.071619714756557,0.031842788768721306,0.013417923721717826
6.836836836836837,0.0704542975907817,0.02974715413235334,0.012944495786305712
6.846846846846847,0.06927180101113198,0.027638518915046758,0.012472267064189507
6.856856856856857,0.06807234349670649,0.025517094394412937,0.01200142681684543
6.866866866866867,0.06685604522414218,0.023383093127613483,0.011532163748789162
6.876876876876877,0.06562302805530558,0.02123672892980009,0.011064665931903183
6.886886886886887,0.0643734155247937,0.01907821685240778,0.010599120730017772
6.896896896896897,0.06310733282724511,0.01690777316130288,0.010135714723776182
6.906906906906907,0.06182490680446118,0.014725615314787081,0.009674633635814528
6.916916916916917,0.06052626593347378,0.012531961942580681,0.009216062256595386
6.926926926926927,0.059211540390306655,0.010327032899614542,0.008760184390943438
6.936936936936937,0.05788086195135708,0.008111049159484678,0.008307182760433993
6.946946946946947,0.056534363951540545,0.005884232764019295,0.007857238922869186
6.956956956956957,0.05517218131062515,0.0036468068402463055,0.0074105332104384275
6.966966966966967,0.05379445051961901,0.0013989955779541222,0.006967244657424749
6.976976976976977,0.05240130962698841,-0.000858975792864123,0.006527550928430548
6.986986986986987,0.05099289822470775,-0.003126881024681165,0.006091628247151616
6.996996996996997,0.04956935743414158,-0.005404492875219331,0.005659651325728217
7.007007007007007,0.04813082989175976,-0.007691583130345733,0.00523179329470167
7.017017017017017,0.04667745973468614,-0.009987922627077265,0.004808225633604751
7.027027027027027,0.045209392586081545,-0.012293281276693713,0.00438911810221396
7.037037037037037,0.04372677554036182,-0.014607428087957269,0.00397463867249147
7.047047047047047,0.042229757148251425,-0.016930131190436817,0.0035649534612443076
7.057057057057057,0.04071848740167345,-0.019261157857935304,0.003160226663528086
7.067067067067067,0.039193117718476556,-0.02160027453201847,0.002760620486822272
7.077077077077077,0.037653800926999645,-0.023947246845643325,0.0023662950860037788
7.087087087087087,0.03610069125047485,-0.026301839646884647,0.0019774084991452928
7.097097097097097,0.03453394429811359,-0.028663817016865385,0.0015941165855055978
7.107107107107107,0.032953717114032756,-0.031032942237845605,0.0012165729754032937
7.117117117117117,0.03136016805493002,-0.03340897790870743,0.0008449289872912363
7.127127127127127,0.029753456795079913,-0.035791685950776274,0.00047933357165820534
7.137137137137137,0.02813374432728884,-0.0381808276170745,0.00011993325472044159
7.147147147147147,0.026501192946665773,-0.04057616351632245,-0.00023312792031579522
7.157157157157157,0.024855966234251115,-0.042977453637012705,-0.0005797084509962551
7.167167167167167,0.023198229040504722,-0.04538445737155579,-0.0009196694323419662
7.177177177177177,0.021528147468653964,-0.0477969335404953,-0.0012528746125308153
7.187187187187187,0.019845888857902987,-0.050214640416790406,-0.0015791904475148427
7.197197197197197,0.01815162176650405,-0.05263733575016391,-0.001898486154551133
7.207207207207207,0.016445515954691896,-0.055064776791513934,-0.002210633764624565
7.217217217217217,0.014727742367482272,-0.057496720317387104,-0.0025155081737411
7.227227227227227,0.012998473117335516,-0.05993292265451148,-0.002812987193070721
7.237237237237237,0.011257881466686161,-0.06237313970438717,-0.0031029515979196236
7.247247247247247,0.009506141810339621,-0.06481712696793265,-0.0033852851755116087
7.257257257257257,0.007743429657736929,-0.06726463957018504,-0.0036598747715591994
7.267267267267267,0.0059699216150884814,-0.06971543228505206,-0.003926610335605369
7.277277277277277,0.004185795386050954,-0.07216925954538587,-0.004185384962761916
7.287287287287287,0.0023912297999715004,-0.07462587543126023,-0.004436094931209752
7.297297297297297,0.000586404679450786,-0.07708503378492634,-0.0046786397585118975
7.307307307307307,-0.001228499131739308,-0.07954648819923643,-0.004912922235623602
7.317317317317317,-0.0030532997801985297,-0.08200999203713355,-0.0051388484649939736
7.327327327327327,-0.004887814421200929,-0.08447529845641466,-0.005356327898203343
7.337337337337337,-0.006731859237106418,-0.08694216043451994,-0.005565273372257627
7.347347347347347,-0.008585249455879795,-0.08941033079334608,-0.005765601144524961
7.357357357357357,-0.010447799369715998,-0.0918795622240814,-0.005957230926300399
7.367367367367367,-0.012319322353770281,-0.09434960731206067,-0.006140085914985017
7.377377377377377,-0.014199630884991958,-0.09682021856163708,-0.00631409282486631
7.387387387387387,-0.016088536561060462,-0.09929114842106974,-0.0064791819164872816
7.397397397397397,-0.017985850119422386,-0.10176214930742396,-0.0066352870245922485
7.407407407407407,-0.019891381456428197,-0.10423297363148239,-0.00678234558463784
7.4174174174174174,-0.02180493964656729,-0.10670337382266486,-0.006920298657858313
7.4274274274274275,-0.023726332961800184,-0.10917310235395447,-0.007049090954874854
7.4374374374374375,-0.02565536889098638,-0.11164191176682807,-0.007168670857839037
7.4474474474474475,-0.02759185415940674,-0.11410955469618854,-0.007278990441101323
7.4574574574574575,-0.029535594719077567,-0.11657578387780212,-0.007380005488621153
7.4674674674674675,-0.03148639576491378,-0.11904035217111228,-0.0074716755119589974
7.4774774774774775,-0.03344406182571426,-0.1215030126266683,-0.0075539637708589985
7.4874874874874875,-0.03540839674338357,-0.12396351848676392,-0.007626837285237192
7.4974974974974975,-0.037379203691875224,-0.12642162320973072,-0.007690266848349685
7.5075075075075075,-0.03935628519698772,-0.12887708049467772,-0.007744227038497406
7.5175175175175175,-0.041339443156233724,-0.1313296443062105,-0.0077886962292127975
7.5275275275275275,-0.043328478858780745,-0.13377906889912705,-0.007823656597924184
7.5375375375375375,-0.04532319300546174,-0.13622510884308825,-0.007849094133094212
7.5475475475475475,-0.047323385728854195,-0.13866751904726088,-0.00786499863982932
7.5575575575575575,-0.04932885661342601,-0.14110605478493007,-0.007871363743957796
7.5675675675675675,-0.05133940471574662,-0.1435404717180798,-0.007868186894574598
7.5775775775775776,-0.053354828584761906,-0.14597052592193815,-0.007855469365051734
7.587587587587588,-0.05537492628213121,-0.14839597390948572,-0.007833216252513577
7.597597597597598,-0.05739949540262503,-0.1508165726559244,-0.007801436475777095
7.607607607607608,-0.059428333094581634,-0.15323207962310434,-0.007760142771757633
7.617617617617618,-0.061461236080421255,-0.15564225278390656,-0.007709351690341409
7.627627627627628,-0.0634980006769279,-0.15804685064644608,-0.007649083587723813
7.637637637637638,-0.06553842277407654,-0.16044563225904906,-0.007579362617952759
7.647647647647648,-0.06758229789667637,-0.1628383572534147,-0.007500216724016198
7.657657657657658,-0.06962942124871971,-0.16522478587971043,-0.007411677626629105
7.667667667667668,-0.0716795877088646,-0.16760467901901185,-0.007313780811198246
7.677677677677678,-0.07373259185103433,-0.16997779820726602,-0.007206565513599408
7.687687687687688,-0.07578822796505297,-0.17234390565918933,-0.007090074704451034
7.697697697697698,-0.07784629007731506,-0.17470276429209725,-0.00696435507189045
7.707707707707708,-0.07990657197148755,-0.1770541377496636,-0.0068294570028594286
7.717717717717718,-0.08196886720924251,-0.179397790425607,-0.006685434562906732
7.727727727727728,-0.08403296915101843,-0.18173348748730156,-0.006532345474515394
7.737737737737738,-0.08609867097680861,-0.18406099489931035,-0.006370251093963549
7.747747747747748,-0.08816576570697482,-0.18638007944683782,-0.00619921638672789
7.757757757757758,-0.09023404622308429,-0.1886905087591,-0.006019309901439573
7.767767767767768,-0.09230330528876846,-0.19099205133260935,-0.005830603742402948
7.777777777777778,-0.0943733355706015,-0.1932844765543717,-0.005633173540687909
7.787787787787788,-0.09644392965899701,-0.19556755472499343,-0.005427098423807616
7.797797797797798,-0.09851488008912093,-0.19784105708169578,-0.00521246098399333
7.807807807807808,-0.10058597935930863,-0.20010475582118326,-0.004989347245085873
7.817817817817818,-0.1026570199204972,-0.20235842412182795,-0.004757846628219039
7.827827827827828,-0.10472779424556566,-0.20460183616737065,-0.004518051915993072
7.837837837837838,-0.10679809484351771,-0.20683476716940374,-0.004270059215178916
7.847847847847848,-0.1088677142709393,-0.20905699338969302,-0.004013967918204714
7.857857857857858,-0.11093644515281789,-0.21126829216258208,-0.0037498806633208433
7.867867867867868,-0.11300408020335798,-0.21346844191728642,-0.003477903293464011
7.877877877877878,-0.11507041224679139,-0.21565722220007558,-0.0031981448138370602
7.887887887887888,-0.11713523423818051,-0.2178344136963402,-0.0029107173482212194
7.897897897897898,-0.11919833928421202,-0.2199997982525419,-0.0026157360940387633
7.907907907907908,-0.12125952066397983,-0.22215315889804327,-0.002313319276183605
7.917917917917918,-0.12331857184975463,-0.22429427986681585,-0.0020035880996387423
7.927927927927928,-0.12537528652773883,-0.22642294661902332,-0.0016866667008993766
7.937937937937938,-0.12742945861880417,-0.22853894586247764,-0.0013626820982211782
7.947947947947948,-0.12948088229921081,-0.23064206557396552,-0.0010317641407138825
7.957957957957958,-0.13152935202130553,-0.23273209502044298,-0.000694045456300349
7.967967967967968,-0.13357466253419698,-0.23480882478009535,-0.00034966139856217743
7.977977977977978,-0.13561660890440663,-0.2368720467632603,1.25000750678117e-06
7.987987987987988,-0.13765498653139632,-0.23892155423609535,0.0003585481210260019
7.997997997997998,-0.13968959115158375,-0.24095714185060038,0.0007220897422350742
8.008008008008009,-0.14172021889580744,-0.24297860564423784,0.0010917291683422842
8.018018018018019,-0.14374666629608357,-0.24498574306807616,0.0014673182525115416
8.028028028028029,-0.1457687303033433,-0.24697835300855553,0.0018487064633438688
8.038038038038039,-0.14778620830778916,-0.24895623580759624,0.0022357409452018126
8.048048048048049,-0.14979889815920927,-0.25091919328255663,0.0026282665794644874
8.058058058058059,-0.15180659818724646,-0.2528670287460369,0.0030261260466882337
8.068068068068069,-0.1538091072216201,-0.25479954702552715,0.0034291598896480993
8.078078078078079,-0.15580622461229876,-0.25671655448289604,0.0038372065772344296
8.088088088088089,-0.1577977502496217,-0.2586178590337194,0.004250102569179265
8.098098098098099,-0.15978348458436703,-0.2605032701664446,0.0046676823815859775
8.108108108108109,-0.1617632286477647,-0.2623725989613895,0.005089778653236142
8.118118118118119,-0.16373678407145217,-0.2642256581095732,0.005516222212646665
8.128128128128129,-0.16570395310737043,-0.26606226193137633,0.005946842145850277
8.138138138138139,-0.16766453864759906,-0.26788222639502773,0.006381465864871885
8.148148148148149,-0.16961834424412756,-0.2696853691349164,0.00681991917687335
8.158158158158159,-0.1715651741285613,-0.27147150946972537,0.0072620263539387095
8.168168168168169,-0.17350483322867183,-0.2732404684354881,0.007707610205861103
8.178178178178179,-0.17543712718660948,-0.2749920688099916,0.008156492152284762
8.188188188188189,-0.17736186238752927,-0.2767261350857207,0.00860849228720171
8.198198198198199,-0.17927884597412855,-0.27844249351115025,0.009063429454733235
8.208208208208209,-0.18118788586580653,-0.2801409721088768,0.009521121321845176
8.218218218218219,-0.18308879077790402,-0.2818214006927853,0.009981384451410336
8.228228228228229,-0.1849813702408616,-0.2834836108850288,0.01044403437571153
8.238238238238239,-0.1868654346192952,-0.28512743613281794,0.010908885670354806
8.248248248248249,-0.1887407951309859,-0.28675271172501776,0.011375752028563599
8.258258258258259,-0.19060726386578272,-0.2883592748085507,0.01184444633582335
8.268268268268269,-0.1924646538044158,-0.28994696440460255,0.012314780744846904
8.278278278278279,-0.19431277883721834,-0.2915156214246292,0.012786566750829967
8.288288288288289,-0.19615145378275484,-0.2930650886861626,0.013259615266966535
8.298298298298299,-0.19798049440635376,-0.2945952109284126,0.013733736700193455
8.308308308308309,-0.19979971743854277,-0.2961058348276636,0.014208741027133938
8.318318318318319,-0.20160894059338386,-0.29759680901246277,0.014684437870208747
8.328328328328329,-0.203407982586707,-0.299067984078598,0.015160636573884834
8.338338338338339,-0.20519666315423993,-0.30051921260386366,0.015637146281030044
8.348348348348349,-0.20697480307386806,-0.30195034919321057,0.016113776015976272
8.358358358358359,-0.20874222418189808,-0.3033612504811458,0.016590334758640746
8.368368368368369,-0.21049874938419671,-0.30475177509768725,0.017066631510562702
8.378378378378379,-0.21224420267831667,-0.30612178371427395,0.01754247537822247
8.388388388388389,-0.21397840917111952,-0.3074711390577472,0.01801767564954912
8.398398398398399,-0.21570119509626967,-0.30879970592401595,0.018492041870330295
8.408408408408409,-0.2174123878316115,-0.31010735119150384,0.018965383920515333
8.418418418418419,-0.21911181591642767,-0.3113939438343761,0.01943751209038016
8.428428428428429,-0.22079930906857634,-0.31265935493554425,0.01990823715652361
8.438438438438439,-0.22247469820150534,-0.3139034576994463,0.020377370457664308
8.448448448448449,-0.22413781544114145,-0.31512612746460034,0.020844723970207188
8.458458458458459,-0.22578849414265248,-0.3163272417159304,0.02131011038354934
8.468468468468469,-0.22742656890708032,-0.317506680096861,0.021773343175094557
8.478478478478479,-0.2290518755978427,-0.31866432442117976,0.022234236684946007
8.488488488488489,-0.23066425135710195,-0.3198000586846648,0.022692606190247003
8.498498498498499,-0.23226353462199828,-0.3209137690764766,0.023148267979139693
8.508508508508509,-0.23384956514074615,-0.3220053439903096,0.02360103942431127
8.518518518518519,-0.23542218398868595,-0.3230746740355718,0.024050739056171055
8.528528528528529,-0.23698123360282908,-0.32412165210079513,0.024497186649871334
8.538538538538539,-0.23852655777992093,-0.3251461733144724,0.024940203284252095
8.548548548548549,-0.24005800168011748,-0.32614813502186557,0.02537961140424786
8.558558558558559,-0.24157541185425807,-0.32712743682842527,0.025815234900976557
8.568568568568569,-0.2430786362591968,-0.328083980609754,0.026246899182291096
8.578578578578579,-0.24456752427298706,-0.3290176705213298,0.02667443124271853
8.588588588588589,-0.24604192670991765,-0.32992841300798825,0.027097659732758482
8.598598598598599,-0.2475016958353978,-0.3308161168131616,0.02751641502751262
8.608608608608609,-0.24894668538069004,-0.3316806929878727,0.027930529294617597
8.618618618618619,-0.25037675055748826,-0.3325220548994821,0.02833983656145341
8.62862862862863,-0.25179174807233945,-0.3333401182401867,0.028744172781600436
8.63863863863864,-0.2531915361409069,-0.3341348010352682,0.0291433759005177
8.64864864864865,-0.25457597450207325,-0.33490602365108924,0.029537285920415837
8.65865865865866,-0.2559449244318812,-0.33565370880283607,0.029925744964298506
8.66866866866867,-0.2572982487573099,-0.33637778156200504,0.030308597339145753
8.67867867867868,-0.2586358118698853,-0.3370781693636325,0.030685689598214425
8.68868868868869,-0.25995747973912264,-0.3377548020132646,0.031056870602429232
8.6986986986987,-0.26126311992691265,-0.33840761169601935,0.031421991581580884
8.70870870870871,-0.26255260163393807,-0.33903653305334525,0.03178090621606239
8.71871871871872,-0.26382579566977604,-0.3396415030988249,0.03213347066714965
8.72872872872873,-0.26508257446216893,-0.34022246121674665,0.03247954363204445
8.73873873873874,-0.2663228120834812,-0.3407793491970553,0.03281898640955725
8.74874874874875,-0.26754638426325406,-0.34131211124107114,0.033151662955656525
8.75875875875876,-0.268753168400586,-0.3418206939669535,0.03347743993794776
8.76876876876877,-0.2699430435763376,-0.34230504641490733,0.033796186789059685
8.77877877877878,-0.27111589056515806,-0.342765120052131,0.03410777575891636
8.78878878878879,-0.27227159184733285,-0.34320086877750405,0.03441208196587338
8.7987987987988,-0.2734100316204501,-0.34361224892601405,0.03470898344669785
8.80880880880881,-0.2745310958108833,-0.3439992192729199,0.03499836120537108
8.81881881881882,-0.27563467208509024,-0.34436174103765105,0.03528009926069459
8.82882882882883,-0.27672064986072425,-0.34469977788744144,0.03555408469267994
8.83883883883884,-0.277788920317558,-0.3450132959406954,0.03582020768770288
8.84884884884885,-0.2788393764082166,-0.3453022637700859,0.03607836158240428
8.85885885885886,-0.27987191286871893,-0.3455666524053817,0.0363284429063188
8.86886886886887,-0.28088642622882526,-0.34580643533600397,0.03657035142321466
8.87887887887888,-0.28188281482633243,-0.34602158852059317,0.03680399017367299
8.88888888888889,-0.2828609788634222,-0.3462120904705823,0.03702926554239158
8.8988988988989,-0.28382082034322126,-0.3463779221232446,0.037246087250711185
8.90890890890891,-0.284762243091462,-0.3465190668644322,0.03745436839994942
8.91891891891892,-0.2856851527791955,-0.34663551055324315,0.03765402551424604
8.92892892892893,-0.28658945693216425,-0.3467272415233131,0.03784497857397162
8.93893893893894,-0.28747506493997904,-0.3467942505838436,0.03802715104774519
8.94894894894895,-0.28834188806509814,-0.3468365310203668,0.03820046992304724
8.95895895895896,-0.2891898394516082,-0.3468540785952441,0.0383648657354161
8.96896896896897,-0.2900188341338041,-0.3468468915478982,0.03852027259621499
8.97897897897898,-0.2908287890445673,-0.3468149705947787,0.03866662821895872
8.98898898898899,-0.29161962302354044,-0.3467583189290579,0.03880387394418919
8.998998998999,-0.2923912568250963,-0.3466769422200577,0.03893195476288892
9.00900900900901,-0.29314361312610115,-0.3465708486124059,0.0390508193384235
9.01901901901902,-0.29387661653346875,-0.3464400487249204,0.039160420027003415
9.02902902902903,-0.2945901935915051,-0.3462845556492208,0.039260712896656794
9.03903903903904,-0.2952842727890417,-0.34610438494806606,0.039351657744705365
9.04904904904905,-0.29595878456635566,-0.34589955465341776,0.03943321811373629
9.05905905905906,-0.2966136613317043,-0.34567008527953846,0.0395053613117569
9.06906906906907,-0.29724883751885045,-0.345415999900011,0.03956805845473002
9.07907907907908,-0.2978642494953727,-0.34513732399235497,0.03962128442124996
9.08908908908909,-0.2984598355988421,-0.3448340854819098,0.039665017879841266
9.0990990990991,-0.29903553615308703,-0.34450631475476007,0.0396992413033503
9.10910910910911,-0.2995912934740781,-0.34415404465455646,0.03972394097591736
9.11911911911912,-0.30012705187560257,-0.3437773104790734,0.03973910699841533
9.12912912912913,-0.3006427576747257,-0.3433761499765045,0.039744733292352355
9.13913913913914,-0.30113835919703863,-0.34295060334149324,0.03974081760223626
9.14914914914915,-0.301613806781691,-0.34250071321090014,0.03972736149640012
9.15915915915916,-0.30206905278620755,-0.34202652465930444,0.03970437036628803
9.16916916916917,-0.3025040515910868,-0.3415280851942401,0.03967185342420082
9.17917917917918,-0.3029187596041805,-0.34100544475116545,0.03962982369950313
9.18918918918919,-0.30331313526485365,-0.3404586556881663,0.039578298033292394
9.1991991991992,-0.30368713904792183,-0.3398877727803906,0.03951729707153187
9.20920920920921,-0.3040407334673667,-0.33929285321421565,0.039446845256650556
9.21921921921922,-0.30437388307982677,-0.33867395658114585,0.03936697081761269
9.22922922922923,-0.30468655448786286,-0.3380311448714412,0.03927770575846094
9.23923923923924,-0.304978716361916,-0.33736448249421586,0.039179085855562845
9.24924924924925,-0.30525033948884767,-0.33667403633515963,0.03907115066773184
9.25925925925926,-0.3055013966605489,-0.3359598755882656,0.038953943458533036
9.26926926926927,-0.3057318627228682,-0.33522207181420616,0.03882751120399432
9.27927927927928,-0.30594171458454344,-0.3344606989422333,0.03869190457725105
9.28928928928929,-0.30613093121940943,-0.3336758332626321,0.03854717792818317
9.2992992992993,-0.3062994936683864,-0.3328675534189207,0.038393389261573235
9.30930930930931,-0.30644738504124736,-0.33203594039979734,0.03823060021379367
9.31931931931932,-0.30657459051816416,-0.3311810775308336,0.03805887602803225
9.32932932932933,-0.30668109735103044,-0.33030305046591424,0.03787828552806578
9.33933933933934,-0.30676689486456155,-0.32940194717842297,0.03768890109059231
9.34934934934935,-0.30683197445716875,-0.3284778579521739,0.03749079861613232
9.35935935935936,-0.3068763296016092,-0.3275308753720887,0.03728405749851128
9.36936936936937,-0.3068999558454079,-0.32656109431461966,0.03706876059293486
9.37937937937938,-0.306902850811053,-0.32556861193791714,0.03684499418266976
9.38938938938939,-0.3068850141959618,-0.3245535276717428,0.03661284794434372
9.3993993993994,-0.30684644777221787,-0.32351594320712707,0.036372414911878245
9.40940940940941,-0.30678715538607665,-0.3224559624857717,0.03612379143906824
9.41941941941942,-0.306707142988432,-0.3213736917297832,0.035867077176256576
9.42942942942943,-0.30660641866091143,-0.3202692394657665,0.035602375043357504
9.43943943943944,-0.3064849925010076,-0.31914271636554165,0.0353297911321047
9.44944944944945,-0.3063428766772644,-0.3179942353081868,0.03504943469152494
9.45945945945946,-0.30618008543094916,-0.3168239113724991,0.03476141808559143
9.46946946946947,-0.3059966350745105,-0.3156318618253235,0.03446585674813823
9.47947947947948,-0.30579254398981554,-0.3144182061096465,0.0341628691365395
9.48948948948949,-0.3055678326261646,-0.3131830658324546,0.03385257668417175
9.4994994994995,-0.30532252349808425,-0.3119265647523574,0.03353510375167826
9.50950950950951,-0.3050566411828964,-0.3106488287669761,0.03321057757705496
9.51951951951952,-0.3047702123180639,-0.3093499859000965,0.03287912822457779
9.52952952952953,-0.304463265598312,-0.30803016628858887,0.03254088853259189
9.53953953953954,-0.30413583177252423,-0.30668950216909235,0.03219599406018378
9.54954954954955,-0.3037879436404126,-0.3053281278644661,0.03184458303275727
9.55955955955956,-0.3034196360489617,-0.3039461797700063,0.03148679628653587
9.56956956956957,-0.3030309458886453,-0.30254379633943,0.03112277721201328
9.57957957957958,-0.30262191208941575,-0.3011211180706252,0.03075267169637464
9.58958958958959,-0.3021925756164642,-0.29967828749116815,0.03037662806491257
9.5995995995996,-0.3017429795026636,-0.2982154491882428,0.029994797037754505
9.60960960960961,-0.3012731688426098,-0.2967327497921682,0.029607331668366772
9.61961961961962,-0.3007831907118091,-0.2952303378694537,0.02921438724851786
9.62962962962963,-0.30027309420623294,-0.2937083639614569,0.028816121265781446
9.63963963963964,-0.29974293043789835,-0.29216698056991436,0.02841269334063847
9.64964964964965,-0.2991927525297429,-0.29060634214166714,0.028004265162500833
9.65965965965966,-0.29862261561029313,-0.28902660505318734,0.027591000424903964
9.66966966966967,-0.29803257680812606,-0.2874279275949061,0.027173064759893853
9.67967967967968,-0.29742269524612475,-0.28581046995534404,0.026750625671635025
9.68968968968969,-0.29679303203552676,-0.28417439420504503,0.026323852469265607
9.6996996996997,-0.2961436502697664,-0.2825198642803147,0.025892916199026457
9.70970970970971,-0.2954746150181103,-0.2808470459667644,0.02545798957569171
9.71971971971972,-0.29478599331908595,-0.27915610688266124,0.02501924691332727
9.72972972972973,-0.29407785417370436,-0.2774472164620863,0.024576864055406086
9.73973973973974,-0.29335026853847523,-0.2757205459379008,0.024131018304307188
9.74974974974975,-0.29260330931902095,-0.27397626832376437,0.023681888350250452
9.75975975975976,-0.2918370513638575,-0.2722145583956139,0.023229654199687803
9.76976976976977,-0.2910515714532482,-0.2704355926773901,0.02277449710302442
9.77977977977978,-0.2902469482929959,-0.2686395494217408,0.022316599481982807
9.78978978978979,-0.28942326250656986,-0.2668266085919073,0.021856144856455165
9.7997997997998,-0.28858059662689867,-0.26499695184354605,0.021393317770909262
9.80980980980981,-0.287719035087957,-0.2631507625063641,0.02092830372038082
9.81981981981982,-0.28683866421614623,-0.26128822556557063,0.020461289076082113
9.82982982982983,-0.28593957222146976,-0.2594095276431451,0.01999246101065691
9.83983983983984,-0.28502184918850165,-0.25751485697892224,0.01952200742311149
9.84984984984985,-0.28408558706715026,-0.25560440341149576,0.01905011686345242
9.85985985985986,-0.2831308796632153,-0.25367835835894165,0.01857697845706116
9.86986986986987,-0.28215782262873923,-0.2517369147993617,0.018102781828836005
9.87987987987988,-0.2811665134521531,-0.24978026725124802,0.017627717027132207
9.88988988988989,-0.2801570514482159,-0.2478086117536704,0.017151974447531186
9.8998998998999,-0.27912953775735,-0.24582214585714285,0.016675744759771856
9.90990990990991,-0.2780840753784673,-0.24382106865241718,0.016199218845863457
9.91991991991992,-0.27702076907465695,-0.2418055806555749,0.015722587694423883
9.92992992992993,-0.2759397253892915,-0.23977588381803228,0.015246042333585667
9.93993993993994,-0.2748410526429161,-0.23773218151487494,0.014769773757064703
9.94994994994995,-0.273724860922345,-0.2356746785244428,0.014293972847599493
9.95995995995996,-0.27259126206957357,-0.23360358100776787,0.013818830300433717
9.96996996996997,-0.2714403696705059,-0.2315190964878665,0.013344536546872225
9.97997997997998,-0.27027229904349825,-0.2294214338288876,0.012871281677941819
9.98998998998999,-0.26908716722771986,-0.22731080321511854,0.01239925536818677
10.0,-0.2678850929713303,-0.2251874161298499,0.01192864679963021
