time,x1,x2,x3,potential_energy
0.0,0.16892720382579202,-0.15462477989182613,-0.10517065740158543,0.03710962478358329
0.01001001001001001,0.17112047303129382,-0.15468035891050766,-0.10492747622878248,0.03754007906689505
0.02002002002002002,0.17329333270477795,-0.15471667633008176,-0.10467427984113911,0.037967007351078885
0.03003003003003003,0.17544556392626404,-0.15473370645777118,-0.1044110943116368,0.03839020700968621
0.04004004004004004,0.17757690349664212,-0.15473141920045172,-0.10413795143492188,0.03880946685186679
0.050050050050050046,0.17968711003620208,-0.15470979010968472,-0.10385488213826978,0.03922458203104737
0.06006006006006006,0.18177596130870632,-0.15466879889822074,-0.10356191614394483,0.0396353534756418
0.07007007007007007,0.18384322784243037,-0.15460842696128266,-0.10325908545281849,0.040041582295395485
0.08008008008008008,0.1858886828070137,-0.1545286582158725,-0.10294642298852898,0.04044307195893586
0.09009009009009009,0.1879120994328777,-0.15442947661564815,-0.10262396168202671,0.04083962723963073
0.10010010010010009,0.1899132576424277,-0.15431087242472094,-0.10229173675101091,0.04123105720202413
0.11011011011011011,0.19189193746493347,-0.15417283590948283,-0.10194978338667345,0.04161717239377826
0.12012012012012012,0.19384792210167268,-0.15401536031672972,-0.10159813785724355,0.04199778628960748
0.13013013013013014,0.1957809973360729,-0.1538384413305165,-0.10123683731479688,0.042372715121134774
0.14014014014014015,0.19769095227502687,-0.15364207771781707,-0.10086592001455463,0.04274177827791222
0.15015015015015015,0.19957757773441664,-0.15342626948693852,-0.10048542456036273,0.043104797586776954
0.16016016016016016,0.20144066804367036,-0.15319101994592646,-0.10009539074804631,0.043461598289792236
0.17017017017017017,0.20328002093124622,-0.1529363355719402,-0.09969585951189099,0.04381200907247315
0.18018018018018017,0.2050954369929625,-0.15266222539751997,-0.09928687267175298,0.044155861875682295
0.19019019019019018,0.20688671819140458,-0.15236869925932742,-0.09886847220773162,0.04449299120045361
0.20020020020020018,0.20865366984180345,-0.1520557701157551,-0.09844070122006479,0.044823235194682134
0.21021021021021022,0.21039610022824629,-0.15172345359902706,-0.09800360374362017,0.045146435531630995
0.22022022022022023,0.21211382053674008,-0.15137176782425152,-0.09755722464557565,0.04546243741892269
0.23023023023023023,0.21380664516720962,-0.1510007334006055,-0.09710160955737529,0.04577108974233484
0.24024024024024024,0.2154743912411084,-0.15061037341368347,-0.09663680498211505,0.04607224501892296
0.2502502502502503,0.2171168787398076,-0.1502007134304584,-0.09616285826436136,0.04636575949458902
0.2602602602602603,0.21873393061691368,-0.14977178149980472,-0.09567981756404925,0.046651493234173745
0.2702702702702703,0.22032537328035198,-0.14932360815081264,-0.09518773174264733,0.04692931029768592
0.2802802802802803,0.2218910356509848,-0.14885622639607973,-0.09468665058544753,0.04719907858206403
0.2902902902902903,0.2234307497619276,-0.1483696717296154,-0.09417662466004784,0.047460670018943905
0.3003003003003003,0.22494435086292974,-0.1478639820983238,-0.093657705278713,0.04771396065119592
0.3103103103103103,0.22643167751390583,-0.14733919789425004,-0.09312994447286176,0.04795883071069454
0.3203203203203203,0.22789257099538057,-0.1467953620186766,-0.0925933951609069,0.04819516454413124
0.3303303303303303,0.2293268756480834,-0.1462325198484875,-0.0920481110530922,0.048422850737208915
0.34034034034034033,0.23073443890267675,-0.1456507192351258,-0.09149414664403951,0.048641782170843376
0.35035035035035034,0.23211511130470086,-0.14505001050405403,-0.09093155720664971,0.04885185607443885
0.36036036036036034,0.23346874653951857,-0.14443044645421477,-0.0903603987860038,0.049052974077239575
0.37037037037037035,0.23479520145726018,-0.14379208235749125,-0.08978072819326399,0.049245042257730076
0.38038038038038036,0.2360943361299424,-0.1431349759067383,-0.08919260296835355,0.049427971187667466
0.39039039039039036,0.2373660139921568,-0.14245918703023047,-0.08859608126154295,0.04960167596610773
0.40040040040040037,0.23861010164914603,-0.14176477823778008,-0.08799122203779516,0.049766076286532984
0.41041041041041043,0.23982646897319393,-0.14105181450599488,-0.08737808500133801,0.049921096470292116
0.42042042042042044,0.24101498914478245,-0.14032036325182365,-0.08675673057383303,0.05006666550437732
0.43043043043043044,0.24217553867878167,-0.1395704943300267,-0.08612721988706849,0.05020271707873815
0.44044044044044045,0.24330799745063944,-0.1388022800306463,-0.08548961477565233,0.05032918962148869
0.45045045045045046,0.24441224872257122,-0.13801579507647727,-0.08484397776970502,0.05044602633198477
0.46046046046046046,0.2454881791068437,-0.1372111166042056,-0.08419037209478983,0.05055317519151622
0.47047047047047047,0.24653567736764426,-0.13638832384401994,-0.08352886180545951,0.05065058859685782
0.4804804804804805,0.24755463591057597,-0.13554749849698666,-0.08285951160960103,0.050738223854388795
0.4904904904904905,0.24854495085022998,-0.13468872474326407,-0.08218238685636764,0.05081604321911945
0.5005005005005005,0.24950652165693737,-0.13381208914106288,-0.08149755357252478,0.050884013794766064
0.5105105105105106,0.2504392511719597,-0.13291768062126116,-0.08080507845640858,0.05094210754974214
0.5205205205205206,0.25134304562267995,-0.13200559048201924,-0.08010502887188406,0.05099030133091728
0.5305305305305306,0.2522178146377931,-0.13107591238339464,-0.07939747284230363,0.051028576875133666
0.5405405405405406,0.25306347126249706,-0.1301287423419569,-0.07868247904446533,0.05105692081847123
0.5505505505505506,0.253879931676014,-0.12916417853772016,-0.077960116786388,0.05107532458270771
0.5605605605605606,0.2546671152978274,-0.12818232136616317,-0.07723045600621954,0.05108378441681156
0.5705705705705706,0.2554249452003783,-0.12718327368347435,-0.07649356728780617,0.051082301560535615
0.5805805805805806,0.2561533478788929,-0.12616714064646323,-0.07574952184131128,0.051070882145440845
0.5905905905905906,0.2568522532626537,-0.12513402970470439,-0.07499839149696079,0.05104953719137163
0.6006006006006006,0.25752159472640473,-0.1240840505927653,-0.07424024869879554,0.05101828260073408
0.6106106106106106,0.25816130910175694,-0.12301731532243464,-0.07347516649842395,0.05097713915052263
0.6206206206206206,0.2587713366885929,-0.12193393817495021,-0.07270321854877453,0.050926132482094134
0.6306306306306306,0.25935162114143584,-0.12083403559590306,-0.07192447908264542,0.05086529303455263
0.6406406406406406,0.25990210922609397,-0.11971772598916897,-0.07113902287548102,0.050794655920187774
0.6506506506506506,0.26042275142031046,-0.11858513016778366,-0.07034692531076985,0.05071426116314313
0.6606606606606606,0.26091350169132943,-0.1174363711641588,-0.06954826234536501,0.05062415357894881
0.6706706706706707,0.2613743174795406,-0.1162715742007023,-0.06874311049986136,0.050524382741337026
0.6806806806806807,0.26180515970643714,-0.11509086667936304,-0.06793154685192883,0.05041500295740749
0.6906906906906907,0.26220599278257306,-0.11389437817117543,-0.06711364902964587,0.05029607324061199
0.7007007007007007,0.26257678461552103,-0.1126822404058041,-0.0662894952048328,0.05016765728156623
0.7107107107107107,0.2629175064502621,-0.11145458713322141,-0.06545916406649276,0.05002982334553062
0.7207207207207207,0.26322813312471116,-0.11021155430216541,-0.06462273484353452,0.049882644344594544
0.7307307307307307,0.2635086425206476,-0.10895327962462957,-0.06378028723197973,0.04972619756620855
0.7407407407407407,0.263759016346619,-0.10767990315675183,-0.06293190148029214,0.049560564964747755
0.7507507507507507,0.26397923979349397,-0.10639156701944635,-0.062077658340875974,0.04938583297202749
0.7607607607607607,0.2641693015413048,-0.10508841538709807,-0.061217639063277124,0.049202092455258445
0.7707707707707707,0.2643291937657042,-0.10377059447596142,-0.0603519253873382,0.04900943867278955
0.7807807807807807,0.264458912144034,-0.10243825253226409,-0.059480599536307716,0.04880797122765558
0.7907907907907907,0.26455845585900495,-0.1010915398185994,-0.05860374420971807,0.048597794018134015
0.8008008008008007,0.26462782719762795,-0.0997306083141685,-0.05772144253880315,0.04837901502229335
0.8108108108108109,0.2646670318891467,-0.09835561193742295,-0.05683377811028348,0.048151746382202286
0.8208208208208209,0.2646760793810996,-0.09696670672494763,-0.0559408349844165,0.047916104458923664
0.8308308308308309,0.26465498259962533,-0.09556405064571782,-0.055042697665315256,0.047672209676428906
0.8408408408408409,0.2646037579489987,-0.09414780358445378,-0.0541394510933923,0.04742018646118847
0.8508508508508509,0.264522425310619,-0.09271812732456647,-0.05323118063774269,0.04716016317972429
0.8608608608608609,0.26441100804145035,-0.09127518553069457,-0.0523179720884663,0.04689227207415532
0.8708708708708709,0.2642695329719158,-0.0898191437308329,-0.05139991164892929,0.046616649195769466
0.8808808808808809,0.26409803040324303,-0.08835016929805195,-0.05047708592796481,0.04633343433665501
0.8908908908908909,0.2638965341042632,-0.08686843143180895,-0.04954958193201291,0.046042770959426875
0.9009009009009009,0.26366508130766225,-0.08537410113885,-0.048617487057199676,0.04574480612508371
0.9109109109109109,0.2634037126880974,-0.08386735120269019,-0.04768088908024436,0.04543969041239479
0.9209209209209209,0.2631124718975801,-0.08234835587577669,-0.046739876121366104,0.04512757766948319
0.9309309309309309,0.262791406115899,-0.08081729120722933,-0.045794536671299894,0.04480862514826131
0.9409409409409409,0.26244056608956057,-0.0792743350502121,-0.04484495958596808,0.04448299344145583
0.950950950950951,0.2620600059542639,-0.077719666933683,-0.04389123406744859,0.044150846337398776
0.960960960960961,0.2616497832236817,-0.07615346803822241,-0.042933449655424755,0.043812350736504864
0.970970970970971,0.2612099587775348,-0.07457592117135366,-0.041971696218564496,0.04346767656618149
0.980980980980981,0.260740596848961,-0.07298721074235556,-0.04100606394582862,0.0431169966942218
0.990990990990991,0.2602417650111783,-0.07138752273656712,-0.0400366433377083,0.042760486840731984
1.001001001001001,0.2597135341634423,-0.06977704468918422,-0.03906352519739189,0.042398325488645174
1.011011011011011,0.2591559785162973,-0.06815596565854863,-0.03808680062186079,0.04203069379287514
1.021021021021021,0.2585691755761223,-0.06652447619892876,-0.0371065609929146,0.04165777548816446
1.031031031031031,0.25795320619911255,-0.06488276839320091,-0.03612289797890861,0.04127975682244192
1.0410410410410411,0.25730815522565176,-0.06323103638547749,-0.03513590362575388,0.0408968267079791
1.0510510510510511,0.256634110466686,-0.06156947549453652,-0.034145670194603975,0.040509176241154576
1.0610610610610611,0.25593116286936873,-0.059898282342969705,-0.03315229018087176,0.04011699867776452
1.0710710710710711,0.25519940665742985,-0.058217654964662295,-0.03215585632939832,0.03972048939527938
1.0810810810810811,0.2544389393174612,-0.05652779277967248,-0.031156461625971826,0.03931984579507754
1.0910910910910911,0.25364986158472197,-0.054828896568796595,-0.030154199288810316,0.03891526720371465
1.1011011011011012,0.25283227742846226,-0.053121168447819944,-0.02914916276000816,0.03850695477328039
1.1111111111111112,0.251986294036766,-0.051404811841453346,-0.02814144569694631,0.03809511138089555
1.1211211211211212,0.25111202180091297,-0.04968003145695537,-0.027131141963666318,0.037679941527402686
1.1311311311311312,0.25020957429925955,-0.047947033257440284,-0.026118345622208113,0.03726165123530377
1.1411411411411412,0.24927906828063856,-0.046206024434871686,-0.025103150923911553,0.03684044794599961
1.1511511511511512,0.24832062370284896,-0.044457213436027265,-0.02408565231070237,0.036416540436070274
1.1611611611611612,0.24733436393871902,-0.042700810149292306,-0.02306594444664576,0.03599013879076738
1.1711711711711712,0.24632041532713206,-0.04093702546350196,-0.022044122131432996,0.035561454144932864
1.1811811811811812,0.24527890729691215,-0.03916607137623067,-0.0210202803172176,0.03513069862949092
1.1911911911911912,0.24420997238481634,-0.03738816100069027,-0.019994514106407194,0.03469808527870303
1.2012012012012012,0.243113746218441,-0.03560350853913198,-0.018966918743179056,0.0342638279246173
1.2112112112112112,0.24199036749873676,-0.033812329256019895,-0.01793758960497561,0.03382814109117308
1.2212212212212212,0.24083997798213166,-0.03201483945097601,-0.016906622193979808,0.03339123988801466
1.2312312312312312,0.23966272246226306,-0.03021125643149674,-0.015874112128570397,0.03295333990406753
1.2412412412412412,0.2384587487513178,-0.028401798485440947,-0.014840155134757104,0.03251465710093136
1.2512512512512513,0.23722820766098116,-0.026586684853289504,-0.01380484703759574,0.03207540770614372
1.2612612612612613,0.23597125298299382,-0.02476613570017633,-0.012768283752583176,0.03163580810636879
1.2712712712712713,0.23468804149727548,-0.022940372132691914,-0.011730561286898759,0.03119607475019409
1.2812812812812813,0.23337873299688383,-0.0211096162431873,-0.010691775746705242,0.030756424055868963
1.2912912912912913,0.23204349014331066,-0.019274090881388997,-0.009652023284692255,0.030317072261187593
1.3013013013013013,0.23068247849950774,-0.017434019712490416,-0.00861140011046017,0.029878235336018223
1.3113113113113113,0.22929586651379025,-0.0155896271965779,-0.007570002483686434,0.02944012887753593
1.3213213213213213,0.22788382549876549,-0.013741138560450549,-0.006527926705654243,0.029002968004075827
1.3313313313313313,0.22644652960989683,-0.011888779769254721,-0.005485269110770599,0.028566967249273108
1.3413413413413413,0.22498415582370287,-0.01003277749793315,-0.004442126058073699,0.02813234045654295
1.3513513513513513,0.22349688391559186,-0.008173359102488719,-0.003398593922729696,0.027699300673953618
1.3613613613613613,0.22198489643733152,-0.00631075259106287,-0.0023547690875188256,0.027268060049545774
1.3713713713713713,0.22044837869415393,-0.004445186594828657,-0.0013107479343108805,0.02683882972715094
1.3813813813813813,0.21888751872149606,-0.0025768903386984314,-0.00026662683553004717,0.026411819742761956
1.3913913913913913,0.21730250728629324,-0.0007060936589027705,0.0007774978429658953,0.02598723892852155
1.4014014014014013,0.2156935378698697,0.0011669730136811829,0.0018215297472878103,0.02556529481140361
1.4114114114114114,0.21406080658311466,0.0030420787975718455,0.0028653725718076947,0.025146193494265726
1.4214214214214214,0.21240451217436795,0.00491899232914623,0.0039089300527874685,0.024730139564423704
1.4314314314314314,0.21072485600539412,0.006797481790861698,0.004952105976482421,0.024317335993693262
1.4414414414414414,0.20902204202635974,0.008677314940857534,0.005994804187545258,0.023907984039094866
1.4514514514514514,0.2072962767504614,0.010558259142712237,0.007036928597433626,0.02350228314445877
1.4614614614614614,0.2055477692282048,0.012440081395356472,0.008078383192821045,0.023100430842980184
1.4714714714714714,0.20377673102133495,0.014322548363141663,0.009119072044011285,0.02270262266077434
1.4814814814814814,0.20198337617641718,0.016205426406064306,0.01015889931335617,0.02230905202148059
1.4914914914914914,0.20016792119806925,0.018088481610145913,0.011197769263676815,0.021919910151964497
1.5015015015015014,0.19833058502184975,0.019971479817961647,0.012235586266687033,0.021535385989167394
1.5115115115115114,0.19647158906186882,0.0218541865597524,0.013272254793484522,0.021155666103465094
1.5215215215215214,0.19459115714067526,0.02373636714037444,0.014307679433087996,0.020780934597461238
1.5315315315315314,0.19268951538000634,0.02561778677785224,0.015341764920244891,0.020411372999989123
1.5415415415415414,0.19076689223042603,0.02749821055740699,0.016374416129976577,0.020047160190241522
1.5515515515515514,0.188823518443337,0.029377403461611648,0.017405538085811433,0.01968847231092918
1.5615615615615615,0.1868596270426766,0.031255130400657444,0.018435035968013408,0.01933548268284003
1.5715715715715715,0.18487545329629754,0.03313115624273186,0.019462815121806015,0.01898836172084264
1.5815815815815815,0.18287123468703265,0.03500524584450796,0.02048878106559181,0.01864727685137674
1.5915915915915915,0.1808472108834443,0.03687716408174524,0.02151283949916734,0.018312392431473045
1.6016016016016015,0.17880362371025776,0.038746675880001864,0.022534896311933526,0.017983869669344014
1.6116116116116117,0.1767407171184793,0.04061354624545841,0.023554857591101583,0.01766186654658664
1.6216216216216217,0.1746587371573712,0.042477540293152066,0.0245726296294175,0.01734653774235097
1.6316316316316317,0.17255793205433806,0.04433842314079239,0.025588118909135128,0.0170380345741353
1.6416416416416417,0.17043855206232258,0.04619596009129027,0.026601232136928187,0.016736504905694227
1.6516516516516517,0.16830084939539905,0.048049916705373244,0.027611876259376354,0.01644209307208927
1.6616616616616617,0.1661450782489457,0.04990005876878479,0.028619958459819198,0.016154939818014254
1.6716716716716717,0.1639714947685873,0.05174615232288364,0.029625386166377193,0.015875182230307767
1.6816816816816818,0.16178035701884613,0.053587963695324266,0.03062806705996287,0.015602953672322051
1.6916916916916918,0.15957192495150196,0.05542525953081859,0.031627909082282094,0.015338383720182648
1.7017017017017018,0.1573464603736602,0.05725780682197898,0.03262482044382551,0.015081598100972107
1.7117117117117118,0.1551042269155291,0.05908537294024245,0.03361870963185005,0.014832718632870586
1.7217217217217218,0.15284548999790545,0.06090772566687602,0.034609485418350634,0.014591863167284986
1.7317317317317318,0.15057051679936886,0.06272463322406344,0.03559705686802201,0.014359145532997697
1.7417417417417418,0.14827957622318483,0.064535864306073,0.036581333346210644,0.014134675482364972
1.7517517517517518,0.14597293886391643,0.06634118811050668,0.03756222452685685,0.013918558639594273
1.7617617617617618,0.14365087705555676,0.06814037427344821,0.03853964038437794,0.01371089645681565
1.7717717717717718,0.14131366494912198,0.06993319276971474,0.03951349117970521,0.013511786171432734
1.7817817817817818,0.1389615781324379,0.07171941435106578,0.04048368753606122,0.013321320735200596
1.7917917917917918,0.1365948937529662,0.07349881039275397,0.04145014041598938,0.013139588783653603
1.8018018018018018,0.13421389049605903,0.07527115290977986,0.042412761126676905,0.012966674595658914
1.8118118118118118,0.13181884855119286,0.07703621458701715,0.0433714613275689,0.01280265805427766
1.8218218218218218,0.12941004957795688,0.07879376880936574,0.044326153037963556,0.012647614609839495
1.8318318318318318,0.12698777667179523,0.08054358969193241,0.04527674864458858,0.012501615245250631
1.8418418418418419,0.12455231432950363,0.08228545211023926,0.04622316090915885,0.012364726443554663
1.8518518518518519,0.12210394841447997,0.08401913173045988,0.04716530297591526,0.012237010157764353
1.8618618618618619,0.11964296612172924,0.08574440503968327,0.04810308837914476,0.012118523782981769
1.8718718718718719,0.11716965594262253,0.08746104937620541,0.04903643105068161,0.012009320130822933
1.8818818818818819,0.11468430762941018,0.08916884295984866,0.04996524532738986,0.011909447406162368
1.8918918918918919,0.11218721217056848,0.09086756491069828,0.05088944595687575,0.01181894918631951
1.901901901901902,0.10967866197829587,0.09255699504529055,0.051808948069610374,0.011737864403166256
1.911911911911912,0.10715895055545414,0.09423691421807823,0.05272366723327317,0.011666227320924606
1.921921921921922,0.1046283724612575,0.09590710434959798,0.05363351945981797,0.011604067523976932
1.931931931931932,0.10208722335247598,0.09756734837527395,0.05453842120054553,0.011551409906105134
1.941941941941942,0.09953579994786231,0.09921743027444818,0.055438289353253734,0.011508274660922808
1.951951951951952,0.09697439999237951,0.10085713509938983,0.05633304126936162,0.011474677274661912
1.961961961961962,0.09440332222122969,0.102486249004283,0.05722259476100717,0.011450628521319582
1.971971971971972,0.09182286632368368,0.10410455927419329,0.058106868108118964,0.011436134460169728
1.981981981981982,0.08923333290671169,0.10571185435401288,0.058985780065461554,0.011431196435642955
1.991991991991992,0.08663502345841494,0.10730792387738448,0.05985924986965473,0.011435811079577427
2.002002002002002,0.08402824031125816,0.10889255869560382,0.06072719724616657,0.011449970315842101
2.012012012012012,0.08141328660510347,0.11046555090650072,0.061589542416280174,0.011473661367332815
2.022022022022022,0.07879046625004445,0.11202669388329912,0.062446206104034466,0.011506866765340643
2.032032032032032,0.07616008401257063,0.11357578218149757,0.06329710952559942,0.011549564354293624
2.042042042042042,0.07352244553647624,0.11511261150995727,0.06414217438786216,0.011601727299060649
2.052052052052052,0.0708778569521323,0.11663697910817586,0.06498132294540462,0.011663324120376385
2.062062062062062,0.06822662502297512,0.11814868359295673,0.06581447798115034,0.011734318704796966
2.0720720720720722,0.0655690571145383,0.11964752498006126,0.06664156281215292,0.011814670324996453
2.0820820820820822,0.06290546115766926,0.12113330471138453,0.0674625012961557,0.011904333662654594
2.0920920920920922,0.06023614561159881,0.1226058256820584,0.06827721783811794,0.012003258833635027
2.1021021021021022,0.05756141942686375,0.12406489226748166,0.06908563739670721,0.012111391415443653
2.1121121121121122,0.05488159200808282,0.12551031035027738,0.06988768549075837,0.012228672476956071
2.1221221221221223,0.05219697317658561,0.12694188734717748,0.07068328820569886,0.012355038610401829
2.1321321321321323,0.04950787313289471,0.1283594322358344,0.07147237219994033,0.012490421965592273
2.1421421421421423,0.046814602419060956,0.1297627555815599,0.07225486471123689,0.01263475028637789
2.1521521521521523,0.04411747188085177,0.1311516695639911,0.07303069356300942,0.012787946949319845
2.1621621621621623,0.04141679265464297,0.13252598798129822,0.07379978716759353,0.012949931001853605
2.1721721721721723,0.03871287638694908,0.13388552604462112,0.07456207450094712,0.013120617175436286
2.1821821821821823,0.036006034799101146,0.1352301007622058,0.07531748515749863,0.013299915971022617
2.1921921921921923,0.03329657971588887,0.13655953090538717,0.07606594934812734,0.013487733700953382
2.2022022022022023,0.030584823095398606,0.1378736369732891,0.07680739789794575,0.013683972530842832
2.2122122122122123,0.027871076991939588,0.13917224121759506,0.07754176225222412,0.013888530530474136
2.2222222222222223,0.025155653518877566,0.14045516766719687,0.07826897448227498,0.014101301726728153
2.2322322322322323,0.022438864811376025,0.1417222421527219,0.07898896729129712,0.014322176158521627
2.2422422422422423,0.019721022989044903,0.14297329233093797,0.0797016740201795,0.014551039933730064
2.2522522522522523,0.01700244011849684,0.14420814770903706,0.08040702865326488,0.014787775288069684
2.2622622622622623,0.014283428175810978,0.14542663966879643,0.0811049658240731,0.015032260645911831
2.2722722722722724,0.011564299008904221,0.14662860149061865,0.08179542082098418,0.015284370683002622
2.2822822822822824,0.008845364299810112,0.1478138683774493,0.08247832959288108,0.015543976391059425
2.2922922922922924,0.006126935526865166,0.148982277478573,0.08315362875475237,0.01581094514421521
2.3023023023023024,0.0034093240972836517,0.15013366776987758,0.08382125557452817,0.016085140739329304
2.3123123123123124,0.0006928412795274841,0.15126788010233264,0.08448114798185706,0.016366423467203437
2.3223223223223224,-0.002022202144386559,0.1523847574858602,0.08513324460759562,0.01665465023481055
2.3323323323323324,-0.0047354957287000995,0.15348414495418441,0.08577748476855859,0.01694967460923261
2.3423423423423424,-0.0074467293992889,0.15456588958557874,0.08641380847260166,0.0172513468919518
2.3523523523523524,-0.010155593490322301,0.1556298405244935,0.08704215642379459,0.017559514194951043
2.3623623623623624,-0.012861778780958774,0.15667584900301387,0.08766247002754812,0.017874020518389554
2.3723723723723724,-0.01556497653207757,0.15770376836214894,0.08827469139569429,0.01819470682981748
2.3823823823823824,-0.018264878523046486,0.15871345407295132,0.08887876335152027,0.018521411144892884
2.3923923923923924,-0.020961177088525695,0.15970476375746756,0.0894746294347559,0.018853968609563673
2.4024024024024024,-0.02365356515530772,0.16067755720951937,0.09006223390651462,0.019192211583676493
2.4124124124124124,-0.026341736279193464,0.16163169641531552,0.090641521754188,0.019535969725973844
2.4224224224224224,-0.02902538468190439,0.16256704557389454,0.09121243869629388,0.019885070080440204
2.4324324324324325,-0.03170420524545316,0.16348347108473948,0.0917749311831373,0.020239337155215115
2.4424424424424425,-0.034377893298791914,0.16438084137586484,0.09232894637722115,0.020598592958232378
2.4524524524524525,-0.037046145100649415,0.1652590272657098,0.09287443220130953,0.02096265717661229
2.4624624624624625,-0.039708657753037294,0.1661179018881362,0.09341133733107507,0.021331347244292673
2.4724724724724725,-0.04236512918713347,0.1669573406727454,0.09393961119473468,0.02170447842380599
2.4824824824824825,-0.045015258198720404,0.16777722136300896,0.0944592039774546,0.02208186389909085
2.4924924924924925,-0.04765874448360283,0.16857742403418635,0.09497006662570331,0.022463314869318567
2.5025025025025025,-0.050295288673005006,0.16935783111103017,0.09547215085155268,0.022848640643690653
2.5125125125125125,-0.052924592368947504,0.17011832738527863,0.09596540913692694,0.02323764873716279
2.5225225225225225,-0.05554635817960339,0.17085880003293538,0.09644979473779992,0.023630144967050376
2.5325325325325325,-0.058160289754634026,0.17157913863133684,0.09692526168834015,0.024025933550470488
2.5425425425425425,-0.06076609182050427,0.17227923517600646,0.09739176480500407,0.024424817202574386
2.5525525525525525,-0.06336347021577726,0.17295898409729682,0.09784925969057735,0.024826597235524772
2.5625625625625625,-0.06595213192632386,0.1736182822767734,0.09829770273815845,0.0252310736581558
2.5725725725725725,-0.06853178491049766,0.17425702891652012,0.0987370511167031,0.025638045224847802
2.5825825825825826,-0.07110213827319696,0.17487512565222824,0.09916726278706442,0.0260473095671835
2.5925925925925926,-0.07366290251189708,0.17547247671641625,0.09958829652428419,0.026458663347372995
2.6026026026026026,-0.0762137893915058,0.17604898884188297,0.10000011190733638,0.0268719023218227
2.6126126126126126,-0.07875451197789243,0.17660457127592444,0.10040266932271283,0.027286821442853382
2.6226226226226226,-0.08128478467134051,0.17713913579429952,0.10079592996795216,0.027703214960794673
2.6326326326326326,-0.08380432323992401,0.17765259671494335,0.10117985585511163,0.028120876526407615
2.6426426426426426,-0.08631284485280749,0.17814487091142933,0.10155440981418244,0.028539599293587112
2.6526526526526526,-0.08881006811346963,0.17861587782617944,0.10191955549644792,0.02895917602229576
2.6626626626626626,-0.09129571309285055,0.17906553948342266,0.10227525737778498,0.029379399181680463
2.6726726726726726,-0.0937695013624228,0.1794937805019018,0.10262148076190876,0.029800061053323397
2.6826826826826826,-0.09623115602718599,0.17990052810732857,0.10295819178356036,0.030220953834578523
2.6926926926926926,-0.09868040175858493,0.1802857121445869,0.10328535741163776,0.03064186974194504
2.7027027027027026,-0.10111696476673546,0.18064926505202478,0.10360294544754949,0.031062601097984584
2.7127127127127126,-0.10354057262718072,0.18099112174516363,0.10391092451218947,0.0314829403771511
2.7227227227227226,-0.10595095474769849,0.1813112198978576,0.10420926408270317,0.031902680425359146
2.7327327327327327,-0.1083478422452598,0.18160949985678423,0.10449793448327,0.03232161452201418
2.7427427427427427,-0.11073096794576015,0.18188590463200802,0.10477690688539526,0.03273953647377388
2.7527527527527527,-0.11310006641486495,0.18214037990667004,0.10504615331057432,0.03315624071640029
2.7627627627627627,-0.11545487398872473,0.18237287404639274,0.10530564663289556,0.03357152241627666
2.7727727727727727,-0.1177951288045602,0.18258333810839938,0.10555536058158246,0.03398517757154104
2.7827827827827827,-0.12012057083111702,0.18277172585034832,0.10579526974347449,0.03439700311278872
2.7927927927927927,-0.12243094189899043,0.18293799373888203,0.10602534956544703,0.03480679700329605
2.8028028028028027,-0.1247259857308195,0.18308210095789115,0.10624557635677025,0.03521435833871834
2.8128128128128127,-0.12700544797135138,0.1832040094164931,0.10645592729140692,0.035619487446214716
2.8228228228228227,-0.1292690762173751,0.1833036837567255,0.1066563804102492,0.03602198598295315
2.8328328328328327,-0.13151662010106926,0.18338109138964195,0.10684691462699163,0.036421657049427604
2.8428428428428427,-0.1337478308508014,0.1834362022512267,0.10702750969786981,0.03681830515051667
2.8528528528528527,-0.135962461955794,0.18346898914951182,0.10719814626756966,0.037211736473372
2.8628628628628627,-0.13816026898368342,0.18347942765762515,0.10735880585659126,0.037601758923027806
2.8728728728728727,-0.14034100958370113,0.18346749610607335,0.10750947086137824,0.037988182209454956
2.8828828828828827,-0.14250444351410604,0.18343317558780273,0.10765012455606944,0.038370817940688945
2.8928928928928928,-0.14465033266947458,0.18337644996296823,0.10778075109418879,0.03874947971500162
2.9029029029029028,-0.14677844110784505,0.18329730586340912,0.10790133551027307,0.03912398321207302
2.9129129129129128,-0.14888853507771246,0.183195732696829,0.10801186372143731,0.0394941462831199
2.9229229229229228,-0.1509803830448701,0.18307172265067836,0.10811232252887751,0.039859789039937824
2.932932932932933,-0.1530537557190939,0.18292527069573747,0.10820269961931044,0.040220733942814293
2.942942942942943,-0.155108426080666,0.18275637458939767,0.10828298356635044,0.040576805887270764
2.952952952952953,-0.15714416940673356,0.18256503487863895,0.10835316383182257,0.04092783228959182
2.962962962962963,-0.15916076329749942,0.18235125490270218,0.10841323076701224,0.04127364317110041
2.972972972972973,-0.16115798763091854,0.18211504076467394,0.10846317560961075,0.04161407121987874
2.982982982982983,-0.16313562445634933,0.18185640127649325,0.10850299047697778,0.04194895183198219
2.992992992992993,-0.1650934583736393,0.1815753481132166,0.10853266838820978,0.04227812329645629
3.003003003003003,-0.16703127640655469,0.18127189574882915,0.10855220325609265,0.04260142682955171
3.013013013013013,-0.1689488680108528,0.18094606144992692,0.10856158988700536,0.04291870664688219
3.023023023023023,-0.17084602509756988,0.18059786527573018,0.10856082398167419,0.04322981003864124
3.033033033033033,-0.1727225420560157,0.1802273300777344,0.10854990213585565,0.04353458744325197
3.043043043043043,-0.1745782157764686,0.17983448149899578,0.10852882184094759,0.04383289251941298
3.053053053053053,-0.17641284567256477,0.17941934797304848,0.10849758148452815,0.04412458221650399
3.063063063063063,-0.17822623370337598,0.17898196072245032,0.10845618035082219,0.044409516843315906
3.073073073073073,-0.1800181843951688,0.17852235375695377,0.10840461862109471,0.044687560135070276
3.083083083083083,-0.18178850486284007,0.1780405638712997,0.10834289737397086,0.04495857931869454
3.093093093093093,-0.18353700483102162,0.17753663064263006,0.10827101858568226,0.04522244517631978
3.103103103103103,-0.1852634966548487,0.17701059642751704,0.108188985130239,0.04547903210696898
3.113113113113113,-0.18696779534038546,0.17646250635860544,0.10809680077952723,0.0457282181864042
3.123123123123123,-0.18864971853762882,0.17589240834271294,0.10799447020279976,0.04596988521935956
3.133133133133133,-0.19030908653337475,0.17530035305852254,0.1078819989660957,0.046203918789627076
3.143143143143143,-0.19194572236970203,0.1746863939452809,0.10775939353405888,0.046430208335112744
3.153153153153153,-0.19355945181509543,0.1740505872011301,0.10762666126879263,0.046648647190031714
3.163163163163163,-0.19515010337990235,0.173392991777986,0.10748381042951619,0.046859132634406823
3.173173173173173,-0.19671750833402732,0.1727136693758328,0.10733085017219543,0.04706156594210491
3.183183183183183,-0.19826150072421073,0.17201268443661136,0.10716779054909573,0.04725585242682985
3.193193193193193,-0.1997819173908855,0.17129010413769855,0.10699464250825629,0.04744190148604854
3.203203203203203,-0.20127859798460404,0.17054599838497395,0.10681141789288572,0.04761962664282714
3.2132132132132134,-0.2027513849820295,0.1697804398054718,0.10661812944067837,0.04778894558555611
3.2232232232232234,-0.20420012370148305,0.1689935037396146,0.10641479078305101,0.04794978020554355
3.2332332332332334,-0.20562466231804225,0.16818526823302504,0.10620141644429924,0.0481020566324575
3.2432432432432434,-0.20702485187818162,0.1673558140279144,0.10597802184067379,0.04824570526759923
3.2532532532532534,-0.20840054631394989,0.16650522455404307,0.10574462327937548,0.04838066081499021
3.2632632632632634,-0.20975160245667612,0.16563358591925123,0.10550123795746917,0.04850686231025737
3.2732732732732734,-0.21107788016663293,0.16474098697931502,0.1052478839701649,0.04862425319380384
3.2832832832832834,-0.21237924238547298,0.16382751935479753,0.10498458031278905,0.04873278135152336
3.2932932932932935,-0.21365555484052812,0.16289327720931734,0.10471134685445985,0.04883239901403622
3.3033033033033035,-0.2149066862228423,0.16193835735223114,0.10442820435016581,0.04892306284278205
3.3133133133133135,-0.21613250820438515,0.16096285923105313,0.10413517443975079,0.04900473395007627
3.3233233233233235,-0.21733289545068932,0.15996688492064234,0.10383227964648513,0.04907737791526712
3.3333333333333335,-0.21850772563307172,0.158950539112009,0.10351954337556103,0.04914096479864543
3.3433433433433435,-0.2196568794404342,0.15791392910073856,0.10319698991251172,0.04919546915310094
3.3533533533533535,-0.22078024059063886,0.15685716477503228,0.10286464442155441,0.04924087003351926
3.3633633633633635,-0.22187769584145442,0.15578035860336287,0.10252253294385644,0.04927715100391586
3.3733733733733735,-0.22294913500106817,0.15468362562174395,0.10217068239572488,0.04930430014230349
3.3833833833833835,-0.22399445093816012,0.15356708342061215,0.10180912056671909,0.04932231004329167
3.3933933933933935,-0.22501353959153425,0.15243085213132035,0.10143787611768589,0.04933117781841733
3.4034034034034035,-0.22600629997930294,0.1512750544122409,0.10105697857871755,0.049330905094207206
3.4134134134134135,-0.22697263420761962,0.15009981543447745,0.10066645834703203,0.04932149800797375
3.4234234234234235,-0.22791244759042964,0.14890526294624745,0.10026634669359663,0.04930296724693274
3.4334334334334335,-0.22882564863876273,0.14769152724466889,0.09985667575938646,0.049275328031856955
3.4434434434434436,-0.2297121488645593,0.14645874101593878,0.09943747853692476,0.049238600022794635
3.4534534534534536,-0.23057186291205495,0.14520703940776986,0.09900878887770267,0.04919280735670386
3.4634634634634636,-0.23140470856646972,0.14393656001474275,0.09857064148984844,0.04913797863285339
3.4734734734734736,-0.2322106067614434,0.1426474428627091,0.09812307193565634,0.049074146895662446
3.4834834834834836,-0.23298948158606994,0.14133983039285142,0.0976661166290428,0.0490013496153385
3.4934934934934936,-0.23374126029152834,0.14001386744540026,0.09719981283292982,0.04891962866632372
3.5035035035035036,-0.23446587329730736,0.1386697012430088,0.09672419865655549,0.04882903030356167
3.5135135135135136,-0.23516325419702197,0.13730748137378462,0.09623931305271165,0.048729605136596896
3.5235235235235236,-0.23583333976381882,0.13592735977397896,0.09574519581490853,0.04862140810152167
3.5335335335335336,-0.2364760699553685,0.13452949071033354,0.09524188757446647,0.048504498430784346
3.5435435435435436,-0.23709138791844206,0.13311403076208508,0.09472942979753445,0.04837893962087586
3.5535535535535536,-0.23767923999306945,0.13168113880262766,0.0942078647820355,0.048244799397911306
3.5635635635635636,-0.23823957571627719,0.13023097598083258,0.09367723565453899,0.04810214968112472
3.5735735735735736,-0.23877234789313412,0.12876370576324658,0.09313758637359605,0.04795106657389502
3.5835835835835836,-0.23927751256097182,0.12727949387977616,0.0925889617227334,0.047791630305882966
3.5935935935935936,-0.2397550289138252,0.12577850823346107,0.09203140729957622,0.04762392515626465
3.6036036036036037,-0.24020485936098893,0.12426091893151835,0.09146496951788201,0.047448039433837706
3.6136136136136137,-0.24062696952934343,0.12272689826561076,0.09088969560411617,0.047264065430634127
3.6236236236236237,-0.2410213282652854,0.12117662069180948,0.09030563359395787,0.04707209937358376
3.6336336336336337,-0.2413879076362621,0.11961026281025282,0.08971283232873623,0.04687224137425356
3.6436436436436437,-0.24172668293190783,0.11802800334450166,0.08911134145179704,0.04666459537668852
3.6536536536536537,-0.24203763266478123,0.11643002312059278,0.08850121140479977,0.04644926910338108
3.6636636636636637,-0.24232073857070213,0.1148165050457911,0.08788249342394519,0.04622637399939687
3.6736736736736737,-0.24257598560868612,0.11318763408704166,0.08725523953613346,0.0459960251746853
3.6836836836836837,-0.24280336196047592,0.11154359724912254,0.08661950255505274,0.045758341344604964
3.6936936936936937,-0.2430028590296675,0.10988458355249957,0.08597533607719852,0.045513444768693845
3.7037037037037037,-0.2431744714404304,0.10821078401088396,0.08532279447782343,0.045261461187716436
3.7137137137137137,-0.2433181970360243,0.10652239160870687,0.08466193290684157,0.045002519759108794
3.7237237237237237,-0.2434340369180986,0.10481960132118415,0.08399280728943781,0.044736753008694306
3.7337337337337337,-0.2435219954080279,0.1031026100533451,0.0833154743176191,0.0444642967466386
3.7437437437437437,-0.2435820800170026,0.10137161658831143,0.0826299914427588,0.04418528998622211
3.7537537537537538,-0.24361430146828866,0.09962682159002967,0.08193641687416685,0.043899874883962874
3.7637637637637638,-0.2436186736938673,0.09786842757947051,0.08123480957466903,0.043608196667134724
3.7737737737737738,-0.24359521383067975,0.09609663891056021,0.0805252292561198,0.043310403559806046
3.7837837837837838,-0.2435439422164759,0.09431166174584588,0.0798077363748486,0.0430066467074368
3.793793793793794,-0.24346488238526673,0.09251370403189584,0.0790823921270396,0.04269708010007194
3.803803803803804,-0.2433580610623786,0.09070297547443697,0.07834925844404526,0.04238186049417018
3.813813813813814,-0.24322350815910931,0.08887968751323036,0.0776083979876336,0.04206114733310787
3.823823823823824,-0.24306125676698487,0.08704405329668694,0.07685987414516933,0.0417351026663981
3.833833833833834,-0.24287134315161543,0.0851962876562245,0.07610375102472904,0.041403891067666135
3.843843843843844,-0.24265380674615059,0.08333660708036794,0.07534009345015032,0.04106767955142275
3.853853853853854,-0.2424086901443322,0.08146522968859388,0.07456896695601518,0.040726637488677817
3.863863863863864,-0.24213603909435288,0.07958237520599024,0.07379043778268056,0.04038093652189646
3.873873873873874,-0.24183590255501294,0.07768826499310784,0.07300457287710016,0.0400307505025603
3.883883883883884,-0.24150833261753543,0.07578312195712783,0.07221143988106982,0.0396762553764321
3.893893893893894,-0.24115338447727358,0.07386717050725619,0.07141110712410592,0.03931762908764632
3.903903903903904,-0.24077111645513968,0.0719406365541958,0.07060364362094063,0.038955051500728824
3.913913913913914,-0.24036158998877677,0.070003747482978,0.06978911906616377,0.03858870431027796
3.923923923923924,-0.23992486962335244,0.06805673212557667,0.06896760382880247,0.03821877094979569
3.933933933933934,-0.23946102300197414,0.0660998207333067,0.06813916894683852,0.03784543649971417
3.943943943943944,-0.23897012085572628,0.06413324494900915,0.06730388612166391,0.03746888759466421
3.953953953953954,-0.23845223699332896,0.062157237779025626,0.06646182771247448,0.03708931233003215
3.963963963963964,-0.2379074482904176,0.06017203356496351,0.06561306673060202,0.036706900167851726
3.973973973973974,-0.23733583467844427,0.058177867955254835,0.06475767683378479,0.03632184184207872
3.983983983983984,-0.23673747913319956,0.056174977876510615,0.06389573232037692,0.0359343292632953
3.993993993993994,-0.23611246766295582,0.05416360150467312,0.06302730812349655,0.03554455542289252
4.004004004004004,-0.2354608892962306,0.05214397823596804,0.062152479805113015,0.03515271429677858
4.014014014014014,-0.23478283607144385,0.05011634865949752,0.061271323550322956,0.034759000749418074
4.024024024024024,-0.23407840307875777,0.048080954572151134,0.06038391616733438,0.03436361045478646
4.034034034034034,-0.23334768837651887,0.04603803889220584,0.05949033507366924,0.03396673977514273
4.044044044044044,-0.23259079297478452,0.04398784562730147,0.05859065828971012,0.03356858566262782
4.054054054054054,-0.23180782084174179,0.04193061986105109,0.05768496443474111,0.033169345568150335
4.064064064064064,-0.23099887888964543,0.03986660772320648,0.0567733327207227,0.03276921734333143
4.074074074074074,-0.23016407696040056,0.037796056359659456,0.05585584294600949,0.03236839914231496
4.084084084084084,-0.22930352781079036,0.035719213902281534,0.05493257548901116,0.03196708932349218
4.094094094094094,-0.22841734709734915,0.033636329438604784,0.054003611301796955,0.03156548635118966
4.104104104104104,-0.22750565336088174,0.03154765298134655,0.0530690319036437,0.031163788697369424
4.114114114114114,-0.22656856801062902,0.029453435437780714,0.05212891937452785,0.030762194743390443
4.124124124124124,-0.22560621530808062,0.027353928578958336,0.051183356348561644,0.03036090268188022
4.134134134134134,-0.22461872235043484,0.02524938500878019,0.05023242600737365,0.02996011041876549
4.1441441441441444,-0.2236062190537066,0.023140058132924125,0.049276212073433884,0.02956001547551086
4.1541541541541545,-0.22256883813548345,0.02102620212762979,0.0483147988033239,0.029160814891614144
4.1641641641641645,-0.22150671510150988,0.018908071911474537,0.04734827098139266,0.028762705128580934
4.1741741741741745,-0.22041998828436377,0.016785923156302583,0.046376713918889256,0.028365881988719047
4.1841841841841845,-0.21930879874367554,0.014660012194550067,0.04540021343847431,0.027970540495316887
4.1941941941941945,-0.2181732902564359,0.01253059599419476,0.04441885586821613,0.02757687479941191
4.2042042042042045,-0.21701360931491703,0.01039793213954238,0.043432728036372915,0.02718507808900568
4.2142142142142145,-0.21582990510783304,0.008262278799591072,0.04244191726439005,0.026795342494147015
4.2242242242242245,-0.21462232950118038,0.006123894696293462,0.04144651135984699,0.02640785899260331
4.2342342342342345,-0.21339103701875947,0.0039830390727197875,0.04044659860935399,0.026022817316166586
4.2442442442442445,-0.21213618482237873,0.0018399716611251712,0.039442267771398906,0.025640405857640335
4.2542542542542545,-0.2108579326917418,-0.00030504734907563745,0.038433608069144434,0.025260811578553123
4.2642642642642645,-0.2095564430040199,-0.00245175734342281,0.03742070918317621,0.024884219917644435
4.2742742742742745,-0.20823188071310972,-0.004599897314612028,0.03640366124420182,0.024510814700167773
4.2842842842842845,-0.20688441332857846,-0.0067492058947778545,0.03538255482570135,0.024140778048055884
4.2942942942942945,-0.2055142108942972,-0.008899421387856666,0.034357480936529496,0.023774290290992317
4.3043043043043046,-0.2041214459667635,-0.011050281802025847,0.033328531013469755,0.023411529878433163
4.314314314314315,-0.20270629361230177,-0.013201524871201017,0.032295796916057225,0.02305267329697399
4.324324324324325,-0.20126893139656238,-0.015352888080847341,0.03125937092046148,0.022697894986708874
4.334334334334335,-0.1998095393033963,-0.017504108734225504,0.030219345704833596,0.022347367242952033
4.344344344344345,-0.19832829974193147,-0.01965492396789007,0.029175814345291207,0.02200126013944504
4.354354354354355,-0.19682539752480577,-0.02180507078363162,0.028128870308411838,0.021659741446030778
4.364364364364365,-0.19530101984502213,-0.023954286081092274,0.027078607443550506,0.021322976547274452
4.374374374374375,-0.19375535625252224,-0.026102306690422915,0.026025119975113954,0.020991128362323027
4.384384384384385,-0.1921885986304801,-0.028248869404978574,0.024968502494791937,0.020664357266042335
4.394394394394395,-0.1906009411713171,-0.03039371101404844,0.023908849953745946,0.020342821011470308
4.404404404404405,-0.18899258035244082,-0.032536568335616925,0.022846257654755734,0.020026674653624198
4.414414414414415,-0.1873637149117085,-0.034677178249152306,0.021780821244323977,0.019716070474698904
4.424424424424425,-0.1857145458226175,-0.036815277728419284,0.020712636704739513,0.01941115791069297
4.434434434434435,-0.18404527626922415,-0.038950603874312054,0.01964180034609949,0.019112083479498075
4.444444444444445,-0.18235611162079263,-0.04108289394770419,0.018568408798290803,0.018818990710486976
4.454454454454455,-0.18064725940865078,-0.04321188540096524,0.017492559003213455,0.018532020076074338
4.464464464464465,-0.17891892934710818,-0.045337315885366214,0.01641434821201967,0.018251308932507135
4.474474474474475,-0.1771713332447186,-0.0474589233180147,0.015333873969837424,0.017976991442580918
4.484484484484485,-0.17540468497948142,-0.049576445913858264,0.014251234107776924,0.017709198512062742
4.494494494494495,-0.1736192004881326,-0.05168962220987795,0.013166526736535058,0.017448057730084707
4.504504504504505,-0.1718150977396266,-0.05379819109773851,0.012079850238187943,0.01719369330840055
4.514514514514515,-0.16999259670838374,-0.05590189185641786,0.010991303257948032,0.01694622602235836
4.524524524524525,-0.16815191934730506,-0.05800046418481213,0.009900984695886288,0.016705773153617858
4.534534534534535,-0.1662932895605577,-0.060093648234312055,0.008808993698619795,0.016472448434639575
4.544544544544545,-0.16441693317613218,-0.06218118464134727,0.007715429650965308,0.01624636199497232
4.554554554554555,-0.1625230779181745,-0.06426281455989433,0.006620392167559124,0.016027620309364603
4.564564564564565,-0.16061195337909515,-0.06633827969394472,0.005523981084443781,0.015816326147724748
4.574574574574575,-0.15868379099145713,-0.06840732232992897,0.004426296450621963,0.015612578526953344
4.584584584584585,-0.15673882399964578,-0.07046968536909297,0.0033274385195781048,0.015416472664671103
4.594594594594595,-0.154777287431322,-0.07252511235982269,0.002227507740768097,0.015228099934863867
4.604604604604605,-0.1527994180832707,-0.07457334752551863,0.0011266047531284188,0.01504754782750364
4.614614614614615,-0.15080545450750346,-0.07661413579227079,2.4830378619642574e-05,0.01487489990990186
4.624624624624625,-0.14879563692813028,-0.07864722283723365,-0.0010777143939500154,0.014710235780566218
4.634634634634635,-0.1467702072378266,-0.08067235511292756,-0.0021809284139283885,0.014553631036462237
4.644644644644645,-0.14472940897000916,-0.08268927987871501,-0.0032847103772340423,0.014405157238734466
4.654654654654655,-0.1426734872693617,-0.0846977452326375,-0.004388958835003445,0.014264881880242896
4.664664664664665,-0.14060268886217833,-0.08669750014316821,-0.005493572202264341,0.014132868355138514
4.674674674674675,-0.13851726202652756,-0.08868829448087673,-0.006598448766634958,0.014009175930491832
4.684684684684685,-0.1364174565622389,-0.0906698790500015,-0.007703486697048472,0.013893859719987035
4.694694694694695,-0.13430352376071583,-0.09264200561992636,-0.008808584052502226,0.013786970659693651
4.704704704704705,-0.13217571637457715,-0.09460442695655683,-0.009913638790831233,0.013688555485926337
4.714714714714715,-0.1300342885871296,-0.09655689685359234,-0.011018548777505428,0.013598656715202544
4.724724724724725,-0.1278794959816745,-0.09849917016369042,-0.012123211794450174,0.013517312626306701
4.734734734734735,-0.1257115955106514,-0.1004310028295187,-0.013227525548889537,0.0134445572444686
4.744744744744745,-0.12353084546580892,-0.10235215191444894,-0.014331387682044765,0.013380420327784475
4.754754754754755,-0.12133750548005745,-0.10426237562665044,-0.015434695773378393,0.01332492735890754
4.764764764764765,-0.11913183645541131,-0.10616143335807156,-0.016537347355228476,0.013278099531130934
4.774774774774775,-0.11691410052813875,-0.10804908571568889,-0.01763923992221135,0.013239953740867942
4.784784784784785,-0.1146845610500557,-0.10992509454930775,-0.01874027093835394,0.013210502583797185
4.794794794794795,-0.11244348255704473,-0.11178922298179708,-0.01984033784602117,0.013189754351802512
4.804804804804805,-0.11019113073744662,-0.1136412354391806,-0.020939338074860165,0.013177713032046708
4.814814814814815,-0.10792777240032797,-0.1154808976805805,-0.022037169050760842,0.013174378308177881
4.824824824824825,-0.10565367544362764,-0.11730797682800928,-0.023133728204832147,0.013179745563666505
4.834834834834835,-0.10336910882218542,-0.11912224139600594,-0.024228912982393526,0.013193805887269865
4.844844844844845,-0.10107434251565608,-0.1209234613211121,-0.02532262085198098,0.013216546080619788
4.854854854854855,-0.09876964749631187,-0.12271140799118432,-0.02641474931436716,0.013247948667928392
4.864864864864865,-0.09645529569673655,-0.12448585427453815,-0.027505195911594955,0.013287991907805498
4.874874874874875,-0.09413155997741449,-0.12624657454892016,-0.028593858236023985,0.013336649807180488
4.884884884884885,-0.09179871409421744,-0.12799334473030372,-0.029680633939389453,0.013393892137320174
4.894894894894895,-0.08945703267456838,-0.12972594230338777,-0.03076542074027886,0.01345968445292036
4.904904904904905,-0.0871067911981242,-0.13144414635290197,-0.031848116430781837,0.013533988113651115
4.914914914914915,-0.08474826592504772,-0.13314773758349402,-0.03292861889265293,0.013616760301940867
4.924924924924925,-0.08238173388054135,-0.13483649835151912,-0.03400682610324973,0.01370795404931007
4.934934934934935,-0.08000747282352336,-0.13651021269324776,-0.035082636144344904,0.013807518262867998
4.944944944944945,-0.0776257612137908,-0.13816866635256564,-0.036155947211207004,0.01391539775366615
4.954954954954955,-0.07523687817911476,-0.1398116468084716,-0.037226657621687476,0.01403153326705843
4.964964964964965,-0.07284110348227141,-0.14143894330236903,-0.038294665825313184,0.014155861515051453
4.974974974974975,-0.07043871748801256,-0.1430503468651471,-0.039359870412383834,0.014288315210627466
4.984984984984985,-0.0680300011299789,-0.14464565034404786,-0.04042217012307378,0.014428823104021351
4.994994994994995,-0.06561523587755946,-0.14622464842931487,-0.04148146385653742,0.014577310020932164
5.005005005005005,-0.06319470370270103,-0.1477871376806195,-0.04253765068001773,0.014733696902648802
5.015015015015015,-0.06076868704667053,-0.1493329165532609,-0.043590629837957195,0.01489790084806846
5.025025025025025,-0.05833746878677423,-0.1508617854241356,-0.044640300761110585,0.015069835157585502
5.035035035035035,-0.05590133220345668,-0.15237354661770905,-0.04568656307557569,0.015249409378884912
5.045045045045045,-0.053460560965598744,-0.15386800444200988,-0.04672931660820844,0.0154365293570074
5.055055055055055,-0.05101543907618573,-0.15534496520209987,-0.047768461399890355,0.015631097280743456
5.065065065065065,-0.048566250834088595,-0.15680423722238102,-0.04880389771559414,0.015833011733151933
5.075075075075075,-0.046113280809045365,-0.15824563087609494,-0.04983552605182519,0.01604216774558308
5.085085085085085,-0.043656813808365294,-0.15966895860992275,-0.05086324714569811,0.016258456852274616
5.095095095095095,-0.041197134843623855,-0.1610740349683317,-0.0518869619840088,0.016481767146636173
5.105105105105105,-0.038734529097352005,-0.162460676617665,-0.05290657181230145,0.016711983339192812
5.115115115115115,-0.03626928188972359,-0.1638287023699709,-0.05392197814392967,0.016948986817157365
5.125125125125125,-0.033801678645244554,-0.16517793320656687,-0.054933082769111304,0.017192655705600655
5.135135135135135,-0.031332004859447704,-0.1665081923013353,-0.055939787763976,0.017442864930187867
5.145145145145145,-0.028860546065596637,-0.16781930504374662,-0.05694199549960503,0.01769948628144852
5.155155155155155,-0.026387587801402684,-0.16911109906160637,-0.05793960865106269,0.017962388480546893
5.165165165165165,-0.023913415575758483,-0.17038340424352158,-0.058932530206418525,0.018231437246518767
5.175175175175175,-0.021438314835491922,-0.1716360527610833,-0.059920663475759736,0.018506495364939944
5.185185185185185,-0.018962570935386815,-0.1728688790973708,-0.060903912099144086,0.018787422759268903
5.195195195195195,-0.016486469111857555,-0.17408172008255599,-0.06188218005336838,0.01907407656498149
5.205205205205205,-0.014010294432585517,-0.17527441488014694,-0.0628553716665127,0.019366311195540258
5.215215215215215,-0.011534331770545197,-0.1764468050225775,-0.06382339162459255,0.019663978419243087
5.225225225225225,-0.00905886577184113,-0.17759873443379692,-0.06478614498021282,0.019966927434868467
5.235235235235235,-0.006584180822757057,-0.17873004944985973,-0.06574353716147673,0.0202750049482029
5.245245245245245,-0.004110561016856825,-0.17984059883921513,-0.06669547398087845,0.02058805524974023
5.255255255255255,-0.001638290122140772,-0.18093023382269235,-0.06764186164417893,0.020905920293513295
5.265265265265265,0.0008323484517385807,-0.18199880809317795,-0.06858260675926399,0.021228439777017518
5.275275275275275,0.003301071686197551,-0.18304617783498212,-0.0695176163449842,0.021555451222185718
5.285285285285285,0.005767596986375358,-0.18407220174288982,-0.07044679783997566,0.0218867900573728
5.295295295295295,0.00823164221371726,-0.18507674104089328,-0.07137005911146106,0.02222228970030861
5.305305305305305,0.010692925718482977,-0.18605965950060244,-0.07228730846403025,0.022561781641976614
5.315315315315315,0.013151166372176512,-0.18702082345932958,-0.07319845464839964,0.022905095531375902
5.325325325325325,0.015606083599848261,-0.1879601018381825,-0.07410340687011835,0.023252059261193916
5.335335335335335,0.01805739740865199,-0.18887736618718481,-0.07500207479571377,0.023602499060019738
5.345345345345345,0.020504828423802822,-0.18977249067404317,-0.07589436856401002,0.023956239573638842
5.355355355355355,0.02294809792225796,-0.19064535208890432,-0.07678019879590778,0.0243131039503509
5.365365365365365,0.025386927862731726,-0.1914958298754424,-0.07765947660166467,0.024672913932557605
5.375375375375375,0.027821040917543116,-0.19232380614713723,-0.07853211358949197,0.02503548994595831
5.385385385385385,0.030250160504356294,-0.19312916570321384,-0.07939802187412386,0.025400651189322356
5.395395395395395,0.03267401081781006,-0.19391179604423933,-0.08025711408535874,0.025768215724792674
5.405405405405405,0.035092316861032424,-0.19467158738737433,-0.0811093033765718,0.026138000568675046
5.415415415415415,0.03750480447703648,-0.19540843268127522,-0.08195450343319806,0.02650982178266722
5.425425425425425,0.03991120037999361,-0.19612222762064405,-0.08279262848118521,0.02688349456548177
5.435435435435435,0.042311232186380054,-0.19681287066042302,-0.08362359329541551,0.027258833344816664
5.445445445445445,0.044704628445993294,-0.19748026302962968,-0.08444731320809588,0.027635651869626972
5.455455455455455,0.0470911186728339,-0.19812430874482992,-0.08526370411711572,0.028013763302651373
5.465465465465465,0.04947043337584933,-0.19874491462324553,-0.08607268249437135,0.028392980313146916
5.475475475475475,0.051842304089535676,-0.19934199029549238,-0.0868741653940567,0.028773115169785212
5.485485485485485,0.054206463406121154,-0.19991544824002289,-0.08766807045961324,0.029153979838923497
5.495495495495495,0.056562645007387724,-0.20046520381447752,-0.08845431593080534,0.02953538608242346
5.505505505505505,0.058910583688749074,-0.20099117518969506,-0.08923282065649517,0.029917145532302885
5.515515515515515,0.061250015392235915,-0.20149328339914976,-0.09000350410053007,0.030299069792838394
5.525525525525525,0.06358067723650855,-0.2019714523520881,-0.09076628634971684,0.03068097053412452
5.535535535535535,0.06590230754655542,-0.20242560884437752,-0.09152108812187003,0.031062659585063834
5.545545545545545,0.06821464588322403,-0.20285568256898384,-0.09226783077381985,0.031443949026196974
5.555555555555555,0.07051743307258038,-0.20326160612607422,-0.0930064363093791,0.03182465128232623
5.565565565565565,0.07281041123509312,-0.2036433150327432,-0.09373682738726816,0.03220457921488632
5.575575575575575,0.07509332381463855,-0.20400074773235863,-0.09445892732899733,0.03258354621401632
5.585585585585585,0.0773659156073225,-0.20433384560352502,-0.0951726601267059,0.03296136629028666
5.595595595595595,0.0796279327901155,-0.20464255296866107,-0.09587795045095698,0.03333785416603553
5.605605605605605,0.08187912294929706,-0.204926817102189,-0.09657472365848738,0.03371282536626913
5.615615615615615,0.08411923510870563,-0.2051865882383324,-0.09726290579991184,0.034086096309080424
5.625625625625625,0.08634801975779,-0.2054218195785203,-0.09794242362738081,0.034457484395541485
5.635635635635635,0.08856522888140626,-0.20563246730479762,-0.09861320460208199,0.03482680810081845
5.645645645645645,0.09077061600402331,-0.2058184906408811,-0.09927517690087688,0.03519388707822653
5.655655655655655,0.09296393619017587,-0.2059798517696668,-0.09992826942532299,0.035558542222558394
5.665665665665665,0.09514494607746252,-0.2061165158580257,-0.10057241180881513,0.035920595762641366
5.675675675675675,0.09731340390763724,-0.20622845107564042,-0.10120753442377059,0.03627987135169814
5.685685685685685,0.09946906955351849,-0.20631562860040834,-0.10183356838898477,0.03663619415328477
5.6956956956956954,0.10161170454567975,-0.20637802262345317,-0.10245044557693464,0.036989390926402604
5.7057057057057055,0.10374107209891793,-0.20641561035374317,-0.10305809862102921,0.03733929010974245
5.7157157157157155,0.10585693713849605,-0.20642837202231307,-0.10365646092280617,0.03768572190501897
5.7257257257257255,0.10795906632615622,-0.20641629088608798,-0.10424546665907401,0.038028518359354474
5.7357357357357355,0.11004722808589969,-0.2063793532313069,-0.10482505078899887,0.03836751344667131
5.7457457457457455,0.11212119262952981,-0.2063175483765431,-0.10539514906113513,0.03870254314805268
5.7557557557557555,0.11418073198195461,-0.20623086867531956,-0.1059556980203993,0.03903344553103245
5.7657657657657655,0.11622562000624503,-0.20611930951831717,-0.10650663501498613,0.03936006082777476
5.7757757757757755,0.11825563242844533,-0.20598286933517287,-0.10704789820322631,0.039682231512105134
5.7857857857857855,0.1202705468621553,-0.20582154959592608,-0.10757942656038508,0.03999980237537357
5.7957957957957955,0.12227014285354681,-0.20563535486478804,-0.10810115988545166,0.04031262061739582
5.8058058058058055,0.12425420189002637,-0.20542429276148885,-0.10861303880777906,0.04062053590786166
5.8158158158158155,0.12622250740574598,-0.20518837391484143,-0.10911500479365555,0.04092340044396413
5.8258258258258255,0.12817484482006067,-0.20492761200054363,-0.1096070001528951,0.041221069032851
5.8358358358358355,0.13011100156096303,-0.2046420237409521,-0.11008896804532876,0.04151339916114559
5.8458458458458455,0.1320307670882542,-0.2043316289044564,-0.11056085248723199,0.0418002510630747
5.8558558558558556,0.13393393291644803,-0.20399645030445132,-0.11102259835768744,0.04208148778717037
5.865865865865866,0.13582029263740475,-0.20363651379790648,-0.11147415140488236,0.0423569752615131
5.875875875875876,0.13768964194269104,-0.20325184828353088,-0.11191545825233974,0.0426265823574849
5.885885885885886,0.13954177864566247,-0.20284248569953112,-0.11234646640508264,0.042890180952000985
5.895895895895896,0.1413765027032657,-0.2024084610209615,-0.11276712425573057,0.04314764598819027
5.905905905905906,0.1431936162375562,-0.20194981225666433,-0.11317738109052763,0.04339885553449509
5.915915915915916,0.14499292355692858,-0.20146658044579868,-0.11357718709530115,0.043643690842161645
5.925925925925926,0.14677423117705599,-0.20095880965395624,-0.11396649336135035,0.04388203640109357
5.935935935935936,0.1485373478415348,-0.20042654696886225,-0.11434525189126421,0.04411377999404157
5.945945945945946,0.1502820845545627,-0.19986984251901543,-0.11471341560539608,0.04433881275715029
5.955955955955956,0.15200825462327447,-0.1992887495107728,-0.11507093834885432,0.04455702924535688
5.965965965965966,0.15371567361673763,-0.1986833241077421,-0.11541777489351443,0.044768327441817975
5.975975975975976,0.15540415941172375,-0.19805362547469293,-0.11575388094510174,0.044972608822316004
5.985985985985986,0.15707353221473458,-0.19739971577666146,-0.11607921314881497,0.04516977840264477
5.995995995995996,0.1587236145810926,-0.196721660172666,-0.11639372909471964,0.045359744782477965
6.006006006006006,0.16035423143372782,-0.19601952680902485,-0.11669738732306581,0.0455424201874173
6.016016016016016,0.16196521008165815,-0.19529338681227493,-0.11699014732953006,0.04571772050920051
6.026026026026026,0.16355638023816027,-0.19454331428169072,-0.1172719695703802,0.0458855653440505
6.036036036036036,0.16512757403862766,-0.19376938628140208,-0.11754281546756265,0.046045878029147294
6.046046046046046,0.16667862605811284,-0.19297168283211022,-0.11780264741371119,0.04619858567720623
6.056056056056056,0.16820937332855093,-0.19215028690240074,-0.11805142877707665,0.04634361920914616
6.066066066066066,0.1697196553556611,-0.19130528439965272,-0.11828912390637672,0.04648091338483265
6.076076076076076,0.1712093141355232,-0.1904367641605431,-0.11851569813556499,0.046610406831882153
6.086086086086086,0.17267819417082608,-0.18954481794114478,-0.11873111778851865,0.04673204207251391
6.096096096096096,0.17412614248976555,-0.18862954041162475,-0.11893535018388796,0.04684576555025319
6.106106106106106,0.1755530087055242,-0.18769102921925385,-0.11912836364321197,0.04695152767956649
6.116116116116116,0.17695864496858985,-0.18672938487159263,-0.11931012749020652,0.047049282828430614
6.126126126126126,0.17834290598755323,-0.18574471073485282,-0.11948061205560088,0.04713898934083896
6.136136136136136,0.17970564905740258,-0.1847371130450161,-0.11963978868253124,0.0472206095620748
6.146146146146146,0.18104673407406882,-0.1837067008960307,-0.11978762973075079,0.047294109853806804
6.156156156156156,0.18236602354863915,-0.18265358622762518,-0.1199241085807549,0.04735946060717528
6.166166166166166,0.18366338262123572,-0.1815778838127386,-0.12004919963782013,0.047416636253863526
6.176176176176176,0.1849386790745571,-0.18047971124456696,-0.12016287833595649,0.047465615275150336
6.186186186186186,0.18619178334707984,-0.1793591889232258,-0.12026512114177244,0.047506380208940505
6.196196196196196,0.1874225685459173,-0.17821644004202813,-0.12035590555825158,0.04753891765477102
6.206206206206206,0.1886309104593332,-0.1770515905733782,-0.12043521012844058,0.04756321827679212
6.216216216216216,0.1898166875689073,-0.17586476925428007,-0.12050301443904743,0.047579276804722834
6.226226226226226,0.1909797810613505,-0.1746561075714614,-0.12055929912394946,0.04758709203278224
6.236236236236236,0.19212007483996663,-0.1734257397461116,-0.12060404586761027,0.047586666816598205
6.246246246246246,0.19323745553575833,-0.17217380271823418,-0.12063723740840496,0.04757800806809675
6.256256256256256,0.19433181255372486,-0.17090043618134845,-0.12065885754574729,0.047561126767811865
6.266266266266266,0.19540303807113737,-0.16960578254878564,-0.12066889114190252,0.047536037948962134
6.276276276276276,0.19645102699215047,-0.16828998685780538,-0.12066732411896292,0.047502760655982454
6.286286286286286,0.19747567699347582,-0.16695319680380424,-0.12065414346574442,0.04746131795110463
6.296296296296296,0.19847688853416162,-0.16559556272343923,-0.12062933724069626,0.04741173689945623
6.306306306306306,0.19945456486491706,-0.16421723757724496,-0.12059289457470539,0.04735404855212707
6.316316316316316,0.20040861203708343,-0.16281837693189377,-0.12054480567380649,0.04728828792727022
6.326326326326326,0.20133893891125046,-0.1613991389420992,-0.12048506182179682,0.04721449398924819
6.336336336336336,0.202245457165515,-0.1599596843321636,-0.12041365538275532,0.047132709625836315
6.346346346346346,0.2031280813033804,-0.1585001763771699,-0.12033057980346533,0.0470429816234959
6.356356356356356,0.2039867286612944,-0.15702078088381832,-0.12023582961574007,0.04694536064073093
6.366366366366366,0.20482131941582293,-0.1555216661709083,-0.12012940043865053,0.046839901179542925
6.376376376376376,0.2056317765904586,-0.1540030030494661,-0.12001128898065472,0.046726661554999833
6.386386386386386,0.20641802606206028,-0.15246496480251862,-0.11988149304162807,0.04660570386293519
6.396396396396396,0.20717999656692346,-0.15090772716451373,-0.11974001151479383,0.04647709394579554
6.406406406406406,0.2079176197205552,-0.14933146831861063,-0.11958684439040058,0.04634090136372607
6.416416416416417,0.20863083006706806,-0.14773636893244152,-0.1194219927632345,0.04619719937870954
6.426426426426427,0.20931956498788032,-0.14612261201189017,-0.11924545882161648,0.04604606486643282
6.436436436436437,0.20998376474218253,-0.1444903829255708,-0.11905724585363785,0.04588757829307094
6.446446446446447,0.21062337247807902,-0.14283986939149168,-0.11885735824949469,0.045721823675614504
6.456456456456457,0.21123833423682623,-0.14117126145492695,-0.11864580150286295,0.04554888853717445
6.466466466466467,0.2118285989567089,-0.13948475146596845,-0.11842258221217207,0.04536886386058605
6.476476476476477,0.2123941184765526,-0.13778053405675783,-0.11818770808177657,0.04518184404033578
6.486486486486487,0.21293484753887063,-0.13605880611840104,-0.11794118792302516,0.04498792683283678
6.496496496496497,0.2134507437926441,-0.1343197667775654,-0.11768303165522663,0.044787213305078566
6.506506506506507,0.21394176779573343,-0.13256361737276107,-0.11741325030651201,0.04457980778167792
6.516516516516517,0.21440788301691954,-0.13079056143030768,-0.11713185601459226,0.04436581779035859
6.526526526526527,0.21484905583757336,-0.12900080463998767,-0.11683886202741123,0.0441453540058882
6.536536536536537,0.21526525555295192,-0.12719455483038705,-0.11653428270369277,0.0439185301925015
6.546546546546547,0.21565645437311942,-0.125372021943925,-0.11621813351338205,0.04368546314484001
6.556556556556557,0.2160226274253251,-0.12353341801367929,-0.11589043103825833,0.04344627262826236
6.566566566566567,0.21636375280810632,-0.12167895719974661,-0.1155511929803555,0.04320108134099332
6.576576576576577,0.2166798115259668,-0.11980885568856475,-0.11520043815219087,0.04295001482119436
6.586586586586587,0.21697078748205714,-0.11792333165898496,-0.11483818647575424,0.042693201379392344
6.596596596596597,0.2172366674985724,-0.1160226052803139,-0.11446445898565655,0.04243077204204732
6.606606606606607,0.2174774413159237,-0.11410689868611397,-0.11407927782900294,0.04216286048441041
6.616616616616617,0.21769310159155514,-0.11217643594773609,-0.11368266626516019,0.04188960296212949
6.626626626626627,0.21788364389840445,-0.11023144304758707,-0.11327464866541807,0.04161113824163742
6.636636636636637,0.2180490667230069,-0.10827214785213377,-0.11285525051254437,0.04132760752935843
6.646646646646647,0.2181893714632419,-0.10629878008464592,-0.11242449840023266,0.04103915439976855
6.656656656656657,0.21830456242572113,-0.10431157129767996,-0.11198242003244287,0.04074592472234685
6.666666666666667,0.21839464682281742,-0.10231075484530558,-0.11152904422263374,0.0404480665874546
6.676676676676677,0.2184596347693341,-0.10029656585507754,-0.11106440089288697,0.04014573023117992
6.686686686686687,0.2184995392788133,-0.09826924119975441,-0.11058852107292255,0.03983906795918633
6.696696696696697,0.21851437625981382,-0.09622901946906987,-0.11010143689907048,0.03952823406973209
6.706706706706707,0.218504164535254,-0.09417614096271203,-0.10960318161779199,0.039213384784794074
6.716716716716717,0.21846892581355581,-0.09211084763924371,-0.10909378957957688,0.03889467816163801
6.726726726726727,0.21840868467391047,-0.09003338307804457,-0.10857329623561075,0.038572274009415215
6.736736736736737,0.21832346857281393,-0.08794399246082676,-0.108041738138634,0.03824633381328192
6.746746746746747,0.21821330783844306,-0.08584292254210774,-0.10749915294134353,0.03791702065315266
6.756756756756757,0.21807823566467974,-0.08373042161945783,-0.10694557939468492,0.03758449912173745
6.766766766766767,0.21791828810478306,-0.08160673950352546,-0.10638105734603522,0.037248935241903945
6.776776776776777,0.2177335040647086,-0.0794721274878419,-0.10580562773727543,0.03691049638340645
6.786786786786787,0.217523925296075,-0.07732683831840842,-0.10521933260275272,0.036569351179023504
6.796796796796797,0.21728959638877696,-0.07517112616306805,-0.10462221506713157,0.03622566944014642
6.806806806806807,0.21703056476324417,-0.07300524658066443,-0.10401431934313381,0.03587962207186125
6.816816816816817,0.21674688066234649,-0.07082945648999017,-0.10339569072916702,0.03553138098756698
6.826826826826827,0.2164385971429439,-0.06864401413852712,-0.10276637560684072,0.0351811190231729
6.836836836836837,0.2161057700671765,-0.06644917907107284,-0.10212642143838825,0.03482900985095181
6.846846846846847,0.21574845813230809,-0.0642452121357447,-0.10147587677131367,0.03447522790664005
6.856856856856857,0.21536672283116315,-0.0620323754230897,-0.10081479122990297,0.03411994829160182
6.866866866866867,0.21496062841165445,-0.05981093220446105,-0.10014321550651713,0.03376334667513102
6.876876876876877,0.21453024189254907,-0.05758114692486321,-0.0994612013634449,0.03340559921635499
6.886886886886887,0.2140756330533323,-0.055343285170929776,-0.09876880162982349,0.03304688247688629
6.896896896896897,0.21359687442373984,-0.053097613638735844,-0.09806607019844937,0.03268737333335672
6.906906906906907,0.2130940412729593,-0.05084440010144768,-0.0973530620224789,0.032327248889877
6.916916916916917,0.21256721159850084,-0.04858391337681298,-0.0966298331120186,0.03196668639046572
6.926926926926927,0.2120164661147373,-0.04631642329449476,-0.09589644053060482,0.031605863131490865
6.936936936936937,0.2114418882411141,-0.04404220066325193,-0.09515294239157239,0.03124495637416757
6.946946946946947,0.2108435640900294,-0.041761517237969684,-0.09439939785431216,0.03088414325715541
6.956956956956957,0.21022158245438446,-0.03947464568654283,-0.09363586712041709,0.03052360070929879
6.966966966966967,0.20957603479480444,-0.03718185955661505,-0.09286241142971657,0.030163505362553415
6.976976976976977,0.2089070152265304,-0.03488343324217728,-0.09207909305619884,0.029804033465142432
6.986986986986987,0.20821462053023868,-0.03257964196730084,-0.09128597530972268,0.029445360802070327
6.996996996996997,0.2074989501278515,-0.030270761745040578,-0.09048312252917887,0.029087662605473873
7.007007007007007,0.20676010603575523,-0.02795706932035262,-0.08967060007012209,0.028731113459155393
7.017017017017017,0.2059981928724334,-0.025638842151864853,-0.0888484743056087,0.02837588721960844
7.027027027027027,0.20521331784406166,-0.023316358378062556,-0.08801681262163899,0.02802215693100312
7.037037037037037,0.20440559072977663,-0.02098989678335256,-0.08717568341248635,0.027670094740649312
7.047047047047047,0.2035751238666372,-0.018659736764022203,-0.0863251560759172,0.02731987181498453
7.057057057057057,0.20272203213427903,-0.016326158294096334,-0.08546530100830187,0.02697165825612765
7.067067067067067,0.20184643293926285,-0.013989441891096016,-0.08459618959961604,0.026625623019039486
7.077077077077077,0.2009484461991178,-0.011649868581702267,-0.08371789422833267,0.026281933829330893
7.087087087087087,0.20002819432608004,-0.0093077198673283,-0.08283048825620436,0.025940757101758673
7.097097097097097,0.19908580221052768,-0.0069632776896037495,-0.08193404602293586,0.025602257859449272
7.107107107107107,0.19812139720411295,-0.004616824395774284,-0.08102864284074672,0.025266599653889926
7.117117117117117,0.19713510910259197,-0.00226864270402011,-0.0801143549888238,0.02493394448572638
7.127127127127127,0.19612707015102537,8.098431489652128e-05,-0.07919125971310734,0.02460445273196176
7.137137137137137,0.19509741502623199,0.002431773272301395,-0.07825943522057707,0.02427828306812945
7.147147147147147,0.19404628077190408,0.0047834405303886635,-0.07731896066213377,0.023955592380187657
7.157157157157157,0.19297380680743084,0.007135702217513178,-0.07636991613313954,0.023636535695720617
7.167167167167167,0.1918801349099069,0.009488274262735304,-0.07541238266748065,0.023321266109433723
7.177177177177177,0.19076540919555315,0.011840872430636348,-0.07444644223144972,0.023009934709599705
7.187187187187187,0.18962977610086262,0.014193212356175097,-0.07347217771752207,0.022702690505568824
7.197197197197197,0.1884733843634732,0.016545009579581438,-0.07248967293802629,0.022399680356378057
7.207207207207207,0.18729638500276816,0.018895979581283407,-0.07149901261870907,0.022101048900493737
7.217217217217217,0.1860989313002062,0.021245837816863584,-0.07050028239219414,0.021806938486721356
7.227227227227227,0.18488117877938182,0.02359429975204121,-0.06949356879133538,0.021517489106315933
7.237237237237237,0.183643285185818,0.02594108089767596,-0.06847895924246429,0.021232838326325495
7.247247247247247,0.182385410466492,0.02828589684478966,-0.06745654205853133,0.0209531212241997
7.257257257257257,0.18110771674909604,0.03062846329960202,-0.06642640643214172,0.020678470323695117
7.267267267267267,0.17981036833644637,0.032968496111558776,-0.06538864243329516,0.020409015535269942
7.277277277277277,0.17849353169394114,0.03530571130441206,-0.06434334100493222,0.020144884096184448
7.287287287287287,0.17715737538267298,0.03763982513192782,-0.06329059394149686,0.019886200501068742
7.297297297297297,0.17580207006104517,0.039970554102283326,-0.062230493888852115,0.019633086448228414
7.307307307307307,0.17442778846381501,0.042297615012619104,-0.06116313433712661,0.019385660782649968
7.317317317317317,0.1730347053801116,0.044620724983931506,-0.06008860961321516,0.019144039440309908
7.327327327327327,0.171622997631216,0.04693960149594416,-0.059007014873179324,0.018908335393977578
7.337337337337337,0.17019284404810558,0.04925396242195383,-0.05791844609454782,0.018678658600537152
7.347347347347347,0.1687444254487643,0.051563526063647,-0.056823000068517135,0.018455115949853503
7.357357357357357,0.16727792461526061,0.053868011185882796,-0.055720774392052294,0.01823781121520588
7.367367367367367,0.16579352627059518,0.056167137051438394,-0.05461186745988803,0.018026845005312514
7.377377377377377,0.1642914170553198,0.0584606234557127,-0.05349637845643044,0.017822314717968555
7.387387387387387,0.16277178550392957,0.060748190761384345,-0.052374407347559326,0.01762431449531887
7.397397397397397,0.16123482202103004,0.0630295599330198,-0.051246054872331304,0.01743293518078647
7.407407407407407,0.15968071886964694,0.06530445256639979,-0.05011142253843846,0.017248264279653
7.4174174174174174,0.15810967016287775,0.06757259091628147,-0.0489706126186787,0.017070385921635685
7.4274274274274275,0.15652187178940336,0.06983369795196714,-0.04782372812677909,0.0168993808147618
7.4374374374374375,0.15491752141182852,0.07208749738192569,-0.04667087281589001,0.01673532621292702
7.4474474474474475,0.15329681844364793,0.0743337136872885,-0.045512151170385665,0.01657829588163467
7.4574574574574575,0.15165996402442228,0.0765720721559376,-0.044347668397074824,0.016428360065233096
7.4674674674674675,0.15000716099476008,0.07880229891650771,-0.04317753041631904,0.016285585455925754
7.4774774774774775,0.14833861387110792,0.08102412097229791,-0.04200184385305862,0.016150035164567655
7.4874874874874875,0.14665452882035113,0.0832372662350888,-0.040820716027746645,0.016021768693260798
7.4974974974974975,0.1449551136342274,0.08544146355886059,-0.039634254947191354,0.01590084190976034
7.5075075075075075,0.1432405777035554,0.08763644277340826,-0.03844256929530706,0.01578730702370248
7.5175175175175175,0.14151113199228083,0.08982193471784918,-0.03724576842377404,0.015681212564663986
7.5275275275275275,0.13976698901134213,0.09199767127401891,-0.036043962342607594,0.015582603362062382
7.5375375375375375,0.1380083627923581,0.09416338539975139,-0.03483726171063654,0.015491520526905164
7.5475475475475475,0.13623546886886612,0.09631881116143656,-0.03362577782903794,0.015408001436561816
7.5575575575575575,0.1344485242671028,0.09846368376569743,-0.032409622638738554,0.015332079722706263
7.5675675675675675,0.1326477474369953,0.10059773959558113,-0.03118890869344796,0.015263785252163289
7.5775775775775776,0.13083335824237535,0.10272071624199164,-0.0299637491567887,0.015203144118808316
7.587587587587588,0.1290055779361927,0.10483235253614032,-0.02873425779329649,0.015150178634979023
7.597597597597598,0.1271646291334385,0.10693238858202034,-0.027500548958465845,0.015104907324433798
7.607607607607608,0.1253107357839212,0.10902056578873426,-0.026262737588713177,0.015067344917187857
7.617617617617618,0.12344412314489751,0.11109662690267029,-0.02502093919125776,0.015037502346227517
7.627627627627628,0.12156501775356131,0.11316031603952284,-0.02377526983392102,0.015015386746102324
7.637637637637638,0.11967364739939329,0.11521137871615325,-0.022525846134844582,0.015001001453393736
7.647647647647648,0.11777024109637355,0.11724956188228632,-0.021272785252127554,0.01499434600905814
7.657657657657658,0.11585502905506015,0.11927461395203828,-0.020016204873383382,0.01499541616264113
7.667667667667668,0.11392824265453617,0.12128628483527204,-0.01875622320521687,0.015004203878358961
7.677677677677678,0.11199011441422792,0.12328432596877516,-0.017492958962621638,0.015020697343042242
7.687687687687688,0.1100408779709339,0.12526849034783966,-0.016226531360686032,0.015044880976669917
7.697697697697698,0.10808076806954645,0.12723853255916517,-0.014957060112400961,0.015076735446532284
7.707707707707708,0.1061100204951678,0.12919420880718344,-0.013684665400226921,0.015116237675197685
7.717717717717718,0.1041288720583361,0.13113527694600297,-0.012409467871394483,0.015163360857831118
7.727727727727728,0.10213756056939381,0.13306149650998167,-0.011131588628322118,0.015218074479754307
7.737737737737738,0.10013632480980203,0.13497262874377544,-0.009851149217641455,0.015280344335403621
7.747747747747748,0.09812540450335643,0.13686843663218054,-0.008568271619151472,0.015350132549087958
7.757757757757758,0.096105040287308,0.13874868492976603,-0.007283078234702171,0.015427397597534462
7.767767767767768,0.0940754736833912,0.14061314019029175,-0.0059956918770083705,0.015512094334208814
7.777777777777778,0.09203694706876282,0.14246157079590752,-0.004706235758394104,0.015604174015396027
7.787787787787788,0.08998970364685432,0.14429374698612937,-0.003414833479468281,0.01570358432802693
7.797797797797798,0.08793398741814058,0.1461094408865886,-0.0021216090177321118,0.015810269419234517
7.807807807807808,0.08587004315082819,0.14790842653754924,-0.0008266867161189297,0.015924169927623615
7.817817817817818,0.083798116351466,0.14969047992218987,0.0004698087285330628,0.01604522301623648
7.827827827827828,0.08171845323553441,0.15145537899467643,0.0017677522770439408,0.016173362407205814
7.837837837837838,0.07963130071640818,0.1532029037188075,0.0030670185489333063,0.016308518421424577
7.847847847847848,0.077536906360963,0.15493283608689062,0.004367481842634319,0.016450618013642858
7.857857857857858,0.07543551834593781,0.15664496013884768,0.005669016155300797,0.016599584809497237
7.867867867867868,0.07332738544037617,0.1583390619963929,0.006971495187672899,0.016755339148908248
7.877877877877878,0.07121275697602727,0.16001492988992413,0.008274792355883333,0.01691779812882248
7.887887887887888,0.06909188281770093,0.16167235418515494,0.0095787808033203,0.017086875647505356
7.897897897897898,0.06696501333357996,0.16331112740948311,0.010883333412546397,0.017262482450360786
7.907907907907908,0.06483239936549323,0.1649310442780922,0.012188322817272824,0.017444526177253235
7.917917917917918,0.06269429219915235,0.1665319017197813,0.013493621414388045,0.017632911411306747
7.927927927927928,0.06055094353435541,0.16811349890251923,0.014799101376040286,0.017827539729155004
7.937937937937938,0.05840260545516121,0.1696756372587191,0.016104634661773046,0.018028309752615754
7.947947947947948,0.056249530400036725,0.17121812051022908,0.017410093030712948,0.018235117201762283
7.957957957957958,0.054091971131981484,0.17274075469303518,0.018715348053809172,0.01844785494936368
7.967967967967968,0.051930180708631896,0.17424334818167214,0.020020271126123708,0.018666413076665528
7.977977977977978,0.04976441245528443,0.1757257117180059,0.021324733476771385,0.018890678931527512
7.987987987987988,0.047594919945635625,0.17718765845200865,0.022628606172588366,0.01912053719058031
7.997997997997998,0.045421956950032386,0.17862900393058276,0.02393176014840669,0.019355869911055833
8.008008008008009,0.043245777413199404,0.18004956613296066,0.025234066213268395,0.01959655659437076
8.018018018018019,0.041066635426058776,0.1814491654964017,0.026535395061514526,0.019842474248779208
8.028028028028029,0.03888478519589929,0.1828276249389534,0.02783561728526905,0.020093497452591626
8.038038038038039,0.03670048101655701,0.18418476988190177,0.029134603386961916,0.020349498418516927
8.048048048048049,0.034513977238607475,0.18552042827190754,0.030432223791892084,0.02061034705909483
8.058058058058059,0.032325528239574165,0.18683443060282487,0.03172834886082905,0.02087591105318444
8.068068068068069,0.03013538839415649,0.1881266099371982,0.03302284890265201,0.02114605591347459
8.078078078078079,0.027943812044480584,0.18939680192743347,0.03431559418702588,0.021420645054981098
8.088088088088089,0.025751053470376376,0.19064484483663993,0.03560645495711323,0.021699539864495666
8.098098098098099,0.02355736685968439,0.19187057955913883,0.03689530144232135,0.021982599770950507
8.108108108108109,0.021363006278595553,0.193073849640635,0.03818200387108342,0.022269682316662712
8.118118118118119,0.01916822564204514,0.19425450129811203,0.039466432483649574,0.022560643229435667
8.128128128128129,0.016973278690714282,0.19541238346349346,0.0407484575361174,0.022855336500753397
8.138138138138139,0.014778418956274617,0.19654734778363592,0.04202794932029229,0.023153614455274876
8.148148148148149,0.012583899726841395,0.19765924862056378,0.04330477818336188,0.023455327821149716
8.158158158158159,0.01038997402189831,0.19874794308593513,0.04457881453498659,0.023760325808609657
8.168168168168169,0.008196894562976502,0.19981329105936446,0.04584992886017509,0.02406845618576397
8.178178178178179,0.006004913744394436,0.200855155206396,0.04711799173218264,0.0243795653550134
8.188188188188189,0.0038142836040620798,0.20187340099612402,0.048382873825431195,0.02469349843004384
8.198198198198199,0.0016252557943529523,0.20286789671845676,0.04964444592845045,0.025010099313360443
8.208208208208209,-0.0005619184469525494,0.2038385135010202,0.050902578956838654,0.02532921077432291
8.218218218218219,-0.0027469883256489146,0.20478512532569884,0.05215714396624224,0.0256506745276423
8.228228228228229,-0.004929703520008989,0.20570760904480925,0.0534080121653534,0.025974331312299596
8.238238238238239,-0.007109814209605574,0.20660584439690352,0.054655054928924314,0.02630002097084598
8.248248248248249,-0.00928707110404769,0.2074797140221988,0.05589814381079736,0.02662758252904493
8.258258258258259,-0.011461225471627987,0.20832910347762967,0.057137150556950025,0.026956854275815595
8.268268268268269,-0.013632029167934781,0.20915390125963948,0.05837194711659793,0.02728767384535639
8.278278278278279,-0.015799234664520982,0.20995399884833513,0.05960240564807253,0.027619878304682717
8.288288288288289,-0.017962595076836795,0.21072929066055238,0.06082839854655709,0.027953304219901113
8.298298298298299,-0.020121864192636212,0.21147967408465648,0.06204979845205247,0.028287787741939064
8.308308308308309,-0.022276796500162507,0.2122050494986276,0.06326647826128359,0.02862316468856614
8.318318318318319,-0.024427147216191308,0.21290532028310663,0.06447831114073281,0.028959270625380205
8.328328328328329,-0.026572672313960422,0.21358039283405764,0.06568517053967647,0.02929594094681557
8.338338338338339,-0.02871312855098291,0.2142301765750445,0.06688693020322387,0.029633010957132735
8.348348348348349,-0.030848273496739922,0.21485458396911802,0.06808346418535723,0.029970315951348973
8.358358358358359,-0.032977865560249814,0.21545353053031138,0.06927464686197163,0.030307691296069666
8.368368368368369,-0.03510166401751001,0.21602693483473998,0.07046035294391395,0.03064497251017968
8.378378378378379,-0.03721942903880812,0.21657471853130353,0.0716404574900194,0.030981995345354885
8.388388388388389,-0.039330921715898845,0.21709680635198672,0.07281483592014493,0.03131859586635352
8.398398398398399,-0.04143590408904312,0.21759312612175585,0.07398336402819787,0.03165461053104755
8.408408408408409,-0.043534139173918615,0.21806360876813585,0.07514591799514359,0.031989876270176756
8.418418418418419,-0.045625390993453106,0.21850818836564848,0.0763023743956727,0.032324230575876
8.428428428428429,-0.04770942460044526,0.21892680211674842,0.07745261021618913,0.03265751157363116
8.438438438438439,-0.04978600610005683,0.21931939033250283,0.07859650287276057,0.03298955809372837
8.448448448448449,-0.051854902679507646,0.21968589646406608,0.07973393021986251,0.0333202097554712
8.458458458458459,-0.05391588263426847,0.2200262671104616,0.08086477056328986,0.033649307044925594
8.468468468468469,-0.055968715394094704,0.22034045202595962,0.08198890267305232,0.033976691392135994
8.478478478478479,-0.05801317154889747,0.22062840412704818,0.08310620579625264,0.03430220524777492
8.488488488488489,-0.060049022874448695,0.22089007949899572,0.08421655966994618,0.03462569215918808
8.498498498498499,-0.06207604235791666,0.22112543740200175,0.08531984453398096,0.034946996845797676
8.508508508508509,-0.06409400422322875,0.22133444027693394,0.08641594114381655,0.035265965273827006
8.518518518518519,-0.06610268395625793,0.2215170537506487,0.08750473078332097,0.03558244473030955
8.528528528528529,-0.06810185832982939,0.22167324664089308,0.08858609527754414,0.035896283896346456
8.538538538538539,-0.07009130542854419,0.22180299096078523,0.0896599170054669,0.03620733291957655
8.548548548548549,-0.07207080467341626,0.22190626192287125,0.09072607891272395,0.036515443485823425
8.558558558558559,-0.07404013684933139,0.2219830379533881,0.09178446452307555,0.036820468892913884
8.568568568568569,-0.07599908414051684,0.2220333007350575,0.09283495794651497,0.03712226413191294
8.578578578578579,-0.07794743013184552,0.2220570351295403,0.09387744390115806,0.037420685933260214
8.588588588588589,-0.07988495984061804,0.22205422920775034,0.09491180772262868,0.03771559284269559
8.598598598598599,-0.08181145974209253,0.22202487425838102,0.09593793537587157,0.03800684529016387
8.608608608608609,-0.08372671779305378,0.22196896478980324,0.09695571346764513,0.038294305655934134
8.618618618618619,-0.08563052345517884,0.22188649853154685,0.09796502925897711,0.038577838335668
8.62862862862863,-0.08752266771819574,0.22177747643536336,0.09896577067758194,0.03885730980440521
8.63863863863864,-0.08940294312283206,0.2216419026758685,0.09995782633023843,0.039132588679436135
8.64864864864865,-0.09127114378355028,0.2214797846507624,0.10094108551512654,0.03940354578203065
8.65865865865866,-0.09312706541106626,0.22129113298062572,0.10191543823412189,0.039670054197993944
8.66866866866867,-0.09497050533464824,0.22107596150828995,0.10288077520504682,0.0399319893370205
8.67867867867868,-0.09680126252419234,0.22083428729777982,0.10383698787387666,0.040189228990817435
8.68868868868869,-0.0986191376120721,0.22056613063282599,0.10478396842689994,0.04044165338996996
8.6986986986987,-0.10042393291479432,0.22027151501504458,0.10572160980282425,0.0406891452595518
8.70870870870871,-0.10221545247026806,0.21995046720450362,0.10664980570177725,0.040931589886546285
8.71871871871872,-0.10399350204662272,0.21960301718360872,0.10756845059969963,0.04116887516262094
8.72872872872873,-0.10575788915053669,0.21922919811987504,0.10847743976273516,0.041400891625254455
8.73873873873874,-0.10750842305861161,0.2188290463911941,0.10937666925707647,0.04162753251676095
8.74874874874875,-0.10924491483796381,0.21840260158218444,0.11026603596078953,0.041848693833197316
8.75875875875876,-0.11096717736657585,0.21794990648012527,0.11114543757558117,0.042064274371843915
8.76876876876877,-0.11267502535340586,0.21747100707047223,0.11201477263850843,0.042274175777236266
8.77877877877878,-0.11436827535825113,0.21696595253195394,0.11287394053362833,0.04247830258572685
8.78878878878879,-0.11604674581136322,0.21643479523124803,0.11372284150358677,0.042676562268555804
8.7987987987988,-0.11771025703281157,0.21587759071723575,0.11456137666114524,0.04286886527341127
8.80880880880881,-0.11935863125159242,0.21529439771483355,0.11538944800064393,0.04305512506445984
8.81881881881882,-0.12099169262448033,0.21468527811840096,0.11620695840940007,0.04323525816082924
8.82882882882883,-0.12260926725461899,0.21405029698472297,0.11701381167903999,0.04340918417352545
8.83883883883884,-0.12421118320984857,0.21338952252556626,0.11780991251676365,0.04357682584076786
8.84884884884885,-0.12579727054562795,0.21270302611035338,0.11859516655626691,0.04373810906517209
8.85885885885886,-0.1273673613415373,0.21199088229845148,0.1193694803678144,0.043892962959132566
8.86886886886887,-0.12892128968210984,0.21125316875086067,0.1201327614713573,0.04404131984930343
8.87887887887888,-0.1304588916865839,0.2104899662481877,0.12088491834681088,0.044183115314306735
8.88888888888889,-0.13198000552898076,0.20970135868780534,0.12162586044478624,0.04431828821412801
8.8988988988989,-0.13348447145504946,0.208887433074394,0.12235549819740707,0.044446780715823184
8.90890890890891,-0.1349721317989432,0.2080482795100827,0.12307374302904864,0.04456853831755754
8.91891891891892,-0.13644283099962426,0.2071839911841896,0.1237805073669976,0.04468350987096641
8.92892892892893,-0.13789641561699506,0.20629466436256155,0.12447570465203153,0.04479164760182872
8.93893893893894,-0.13933273434775278,0.20538039837651284,0.12515924934891656,0.044892907129044674
8.94894894894895,-0.1407516380409651,0.20444129561136193,0.12583105695682187,0.04498724748191022
8.95895895895896,-0.14215297971336402,0.20347746149456702,0.1264910440196497,0.045074631115681586
8.96896896896897,-0.1435366145643557,0.20248900448345958,0.1271391281362795,0.045155023925424066
8.97897897897898,-0.1449023999913002,0.20147603605348935,0.12777522797077634,0.045228395258468744
8.98898898898899,-0.14625019561766747,0.20043867070768212,0.12839926326372988,0.04529471793291022
8.998998998999,-0.14757986329030384,0.19937702593546047,0.12901115484067024,0.045353968236296116
9.00900900900901,-0.14889126709231862,0.19829122219718934,0.12961082462186646,0.04540612593200394
9.01901901901902,-0.1501842733617,0.19718138291821258,0.13019819563258989,0.04545117426743714
9.02902902902903,-0.15145875070472564,0.1960476344744316,0.13077319201282955,0.04548909997758837
9.03903903903904,-0.15271457000908042,0.1948901061774964,0.13133573902691323,0.04551989328687411
9.04904904904905,-0.15395160445668002,0.19370893025960886,0.13188576307303237,0.04554354790924182
9.05905905905906,-0.1551697295361969,0.19250424185793866,0.13242319169267047,0.045560061046551574
9.06906906906907,-0.15636882305528743,0.1912761789986522,0.1329479535799324,0.045569433385235086
9.07907907907908,-0.15754876515251687,0.19002488258055428,0.13345997859077455,0.04557166909123549
9.08908908908909,-0.1587094383089809,0.18875049635834296,0.13395919775213358,0.04556677580323293
9.0990990990991,-0.15985072735962041,0.1874531669254778,0.13444554327095282,0.045554764624160915
9.10910910910911,-0.16097251950422808,0.18613304369666162,0.134918948543105,0.04553565011101994
9.11911911911912,-0.1620747043333061,0.1847902789161626,0.1353793481632736,0.04550945027200336
9.12912912912913,-0.16315717383554407,0.18342502763449947,0.1358266779334604,0.045476186551083625
9.13913913913914,-0.16421982238222899,0.18203744764538507,0.13626087486978875,0.04543588379749146
9.14914914914915,-0.16526254675278906,0.1806276994939846,0.1366818772121061,0.04538857025820033
9.15915915915916,-0.16628524614456308,0.17919594645805637,0.13708962443239203,0.04533427755951828
9.16916916916917,-0.16728782218218868,0.17774235452860515,0.13748405724305038,0.04527304068699184
9.17917917917918,-0.16827017892668245,0.17626709239017974,0.1378651176050894,0.04520489796367871
9.18918918918919,-0.16923222288421044,0.17477033140081477,0.1382327487361888,0.04512989102680181
9.1991991991992,-0.17017386301454723,0.17325224557161883,0.1385868951186524,0.0450480648027986
9.20920920920921,-0.17109501073922126,0.17171301154600901,0.138927502507245,0.044959467480779405
9.21921921921922,-0.17199557994934503,0.17015280857859316,0.13925451793691204,0.04486415048441047
9.22922922922923,-0.1728754870131282,0.16857181851370087,0.1395678897303812,0.044762168442237085
9.23923923923924,-0.17373465078307138,0.16697022576356405,0.1398675675056441,0.0446535791564638
9.24924924924925,-0.1745729926088711,0.16534821729427732,0.14015350218442535,0.044538443573260464
9.25925925925926,-0.17539043635984117,0.16370598262467184,0.14042564600233723,0.04441682575645778
9.26926926926927,-0.1761869083955937,0.16204371375554302,0.14068395250946397,0.04428879283374713
9.27927927927928,-0.17696233758578048,0.160361605165095,0.14092837657989515,0.04415441496650918
9.28928928928929,-0.1777166553179247,0.15865985378843053,0.14115887441900504,0.04401376531227166
9.2992992992993,-0.1784497955029182,0.15693865899399473,0.14137540357023654,0.04386691998471762
9.30930930930931,-0.17916169458020273,0.1551982225596964,0.14157792292175886,0.04371395801229057
9.31931931931932,-0.17985229152263282,0.1534387486487078,0.14176639271299843,0.04355496129541896
9.32932932932933,-0.18052152784101952,0.15166044378494475,0.14194077454104123,0.04339001456238273
9.33933933933934,-0.18116934758835326,0.14986351682822863,0.14210103136690572,0.043219205323845544
9.34934934934935,-0.1817956973637046,0.14804817894913125,0.14224712752168497,0.043042623826077146
9.35935935935936,-0.18240052631580103,0.14621464360350517,0.14237902871255678,0.04286036300289047
9.36936936936937,-0.18298378614627905,0.1443631265066997,0.14249670202866052,0.04267251842631917
9.37937937937938,-0.18354543111421992,0.14249384560964892,0.14260011594713554,0.04247918825683432
9.38938938938939,-0.18408541806292902,0.14060702110525064,0.14268924034316968,0.04228047320310014
9.3993993993994,-0.18460370638904544,0.13870287535669532,0.14276404648937874,0.04207647645295889
9.40940940940941,-0.1851002580470904,0.13678163287398304,0.14282450706161787,0.041867303620652
9.41941941941942,-0.18557503755847074,0.1348435202966255,0.14287059614553324,0.04165306269512836
9.42942942942943,-0.18602801201302926,0.13288876636639085,0.14290228924166526,0.04143386398381886
9.43943943943944,-0.186459151070277,0.1309176018997688,0.14291956327041322,0.04120982005534778
9.44944944944945,-0.18686842696030642,0.12893025976015793,0.14292239657686032,0.04098104568121062
9.45945945945946,-0.18725581448438458,0.12692697482977724,0.14291076893545754,0.04074765777644844
9.46946946946947,-0.18762129101522526,0.12490798398130466,0.14288466155456575,0.04050977533934974
9.47947947947948,-0.1879648364969391,0.12287352604924395,0.1428440570808545,0.040267519390210685
9.48948948948949,-0.18828643344466087,0.12082384180102258,0.14278893960355643,0.04002101290918552
9.4994994994995,-0.18858606694385271,0.11875917390782274,0.14271929465857658,0.03977038077325895
9.50950950950951,-0.18886372464928258,0.11667976691514748,0.14263510923245468,0.0395157496923733
9.51951951951952,-0.18911939680207196,0.11458586723348134,0.14253637177119674,0.03925724815240359
9.52952952952953,-0.18935307621830827,0.11247772309758387,0.14242307218129205,0.038995006345426145
9.53953953953954,-0.18956475826601696,0.1103555845130062,0.14229520182749497,0.038729156094738246
9.54954954954955,-0.18975444087777357,0.10821970324215613,0.14215275354026502,0.038459830794194995
9.55955955955956,-0.18992212454832158,0.10607033277388041,0.14199572161905544,0.03818716534067872
9.56956956956957,-0.19006781233187622,0.10390772829281417,0.1418241018354529,0.037911296065925956
9.57957957957958,-0.19019150983911456,0.10173214664850008,0.1416378914361676,0.03763236066774663
9.58958958958959,-0.190293225233851,0.09954384632427998,0.14143708914587258,0.03735049814067036
9.5995995995996,-0.19037296922939756,0.09734308740596162,0.14122169516989136,0.03706584870605487
9.60960960960961,-0.1904307550846088,0.09513013155026326,0.14099171119673284,0.03677855374169198
9.61961961961962,-0.19046659859961068,0.09290524195303877,0.14074714040047243,0.03648875571094663
9.62962962962963,-0.19048051811121286,0.09066868331728592,0.14048798744297847,0.03619659809146497
9.63963963963964,-0.19047253448800391,0.08842072182094043,0.1402142584759829,0.035902225303487044
9.64964964964965,-0.1904426711337893,0.08616162509368364,0.13992596114545924,0.03560578264104804
9.65965965965966,-0.19039095399695682,0.08389166220019371,0.13962310459762015,0.03530741620501291
9.66966966966967,-0.19031741152474962,0.08161110356484591,0.1393056994691705,0.03500727281534367
9.67967967967968,-0.19022207467439353,0.07932022095711035,0.13897375789366925,0.0347054999447689
9.68968968968969,-0.19010497690845884,0.07701928746029574,0.13862729350333494,0.03440224564631593
9.6996996996997,-0.18996615418834045,0.07470857743843183,0.13826632143024561,0.0340976584800689
9.70970970970971,-0.18980564496743552,0.07238836650297553,0.1378908583073806,0.03379188743978631
9.71971971971972,-0.1896234901840184,0.07005893147934387,0.1375009222695041,0.03348508187941448
9.72972972972973,-0.18941973325381328,0.06772055037327714,0.1370965329538891,0.03317739143953337
9.73973973973974,-0.1891944200622639,0.06537350233703523,0.13667771150088104,0.032868965973771244
9.74974974974975,-0.18894759895650082,0.06301806763543062,0.13624448055430047,0.032559955475224826
9.75975975975976,-0.18867932073700608,0.060654527611700856,0.13579686426168344,0.032250510002921104
9.76976976976977,-0.18838963864897515,0.05828316465322404,0.13533488827435924,0.031940779608357436
9.77977977977978,-0.18807860837585147,0.05590426215921815,0.13485857974826054,0.03163091426296492
9.78978978978979,-0.18774628805447513,0.053518104527218516,0.1343679673525066,0.031321063792766335
9.7997997997998,-0.1873927382286373,0.05112497708647194,0.1338630812556233,0.031011377793116475
9.80980980980981,-0.18701802184575156,0.048725166068686654,0.13334395312732159,0.030702005558137055
9.81981981981982,-0.18662220425293663,0.04631895857839427,0.13281061614000542,0.03039309601019821
9.82982982982983,-0.1862053531868488,0.04390664255803717,0.13226310496795748,0.03008479762772615
9.83983983983984,-0.1857675387632293,0.04148850675293612,0.13170145578636244,0.029777258373339405
9.84984984984985,-0.18530883346616667,0.039064840676141896,0.13112570627016645,0.0294706256223489
9.85985985985986,-0.18482931213707504,0.0366359345731744,0.13053589559277315,0.029165046091656495
9.86986986986987,-0.18432905196338836,0.034202079386652894,0.12993206442457433,0.028860665769086566
9.87987987987988,-0.1838081324669712,0.03176356672082099,0.12931425493131576,0.028557629843185158
9.88988988988989,-0.1832666354922468,0.02932068880597003,0.1286825107722963,0.02825608263352053
9.8998998998999,-0.18270464519404245,0.02687373846276432,0.12803687709840064,0.027956167521519106
9.90990990990991,-0.18212224802523416,0.02442300906653413,0.12737740054999674,0.027658026881893352
9.91991991991992,-0.18151953274606986,0.021968794528267676,0.1267041292634721,0.027361802020845875
9.92992992992993,-0.18089659039320308,0.019511389244926892,0.12601711286155604,0.027067633103344695
9.93993993993994,-0.180253514250688,0.017051088051393708,0.1253164024443717,0.0267756590820392
9.94994994994995,-0.17959039985044747,0.014588186195084403,0.12460205059224969,0.026486017635261802
9.95995995995996,-0.1789073449586816,0.012122979299952246,0.12387411136284451,0.026198845101787927
9.96996996996997,-0.17820444956201173,0.009655763330428412,0.12313264028808528,0.02591427641635672
9.97997997997998,-0.1774818158533606,0.007186834555304961,0.12237769437095987,0.025632445045983183
9.98998998998999,-0.17673954821756915,0.004716489511564007,0.12160933208213207,0.025353482927091924
10.0,-0.17597775321675158,0.002245024968156732,0.12082761335639132,0.025077520403502602
